index,Predicted
97878,1
43628,2
9712,1
80948,0
19405,0
37225,0
67800,0
46215,0
33684,0
963,2
32615,0
93353,0
1469,2
94392,2
61259,1
68275,0
52755,0
33273,0
43605,2
95062,0
4416,0
92301,0
42289,0
14370,0
37727,2
78337,1
13102,2
96029,0
21985,0
82039,1
57398,0
39743,1
18079,0
76361,2
45508,1
79271,0
61593,2
13886,0
21864,0
97563,0
45020,0
58970,0
17879,0
27325,0
27194,0
49624,0
96860,1
50079,1
7641,0
49143,2
41446,2
62583,0
88021,0
25183,0
62597,0
29412,1
12355,0
3805,2
74439,0
76918,0
91629,3
79464,1
89508,0
63483,0
18836,0
3952,0
43796,0
18239,0
12956,0
62584,0
18796,0
48310,2
10033,0
61148,1
39767,1
27987,0
59584,0
4975,1
7005,0
34176,0
43457,0
50046,0
69953,1
24521,0
41029,0
51200,0
12557,0
8579,0
75774,0
31522,1
73948,0
37803,0
53873,0
29975,0
17522,0
42203,0
37747,0
40877,1
99698,0
22691,0
76289,0
48991,0
5018,0
71021,1
24490,0
35417,0
38838,0
35041,0
76547,1
71067,0
2293,0
4359,0
50736,0
28287,1
16721,0
32279,0
6725,1
50252,1
29877,1
12480,1
48494,0
81118,0
36025,0
9975,0
57917,0
34177,1
61839,0
29673,0
53982,1
42411,0
62385,0
91057,0
62344,0
67024,0
51690,1
77392,0
55203,1
50549,0
68073,1
83394,0
74442,3
83412,1
62571,2
44005,0
76504,3
25804,0
30266,0
77084,0
66599,0
8433,0
11472,0
61260,0
90428,0
7,0
30415,1
49725,0
96230,0
9292,0
57318,0
31976,0
47727,2
24021,0
5944,2
66207,2
88140,1
69192,0
81577,0
11884,1
34626,0
61337,0
40352,3
55846,0
31811,0
51600,0
7362,2
5806,2
98884,0
11766,0
89288,0
38199,0
89260,2
22395,0
35608,0
85977,0
96370,0
23611,0
91860,0
28343,0
74355,0
12821,0
94519,0
61400,0
46879,0
77773,0
29948,0
21543,0
14783,0
79894,0
43728,0
1128,1
50351,0
81857,0
62682,3
58621,0
72990,1
8748,1
13523,0
67415,0
56463,0
59116,2
42267,0
43302,0
79369,3
10346,2
40564,2
69439,2
175,0
1228,0
26882,0
30283,0
8127,0
84911,0
74554,2
16213,2
94259,1
40182,0
44632,0
6395,1
62600,1
89469,1
29156,0
28339,0
29274,0
96237,1
52146,0
21723,0
42390,0
20348,0
52604,0
45778,0
73844,0
52635,0
37967,3
6397,0
28570,0
48168,0
59869,3
42065,0
38687,0
87522,0
97479,0
28956,0
14145,0
32462,0
87841,0
49609,0
37235,0
78500,0
22342,1
38338,0
78542,0
13561,0
43680,0
81238,3
49469,0
65589,0
80932,3
96774,0
36156,0
93549,0
52584,1
11103,2
44195,0
81296,3
66401,2
6590,2
9381,0
65182,0
54595,2
42877,0
23893,0
25276,0
35234,0
41797,1
61554,1
78053,1
93243,0
19412,0
50956,0
38733,0
17207,2
23557,0
75573,0
71863,0
92593,0
35028,0
33824,0
99821,0
9415,0
34567,1
9367,0
12250,2
98240,0
28734,2
80696,0
60268,3
96782,0
76891,2
10558,0
98052,0
34277,0
93110,0
38284,0
33072,0
13126,0
57411,0
64029,1
22422,0
94800,1
28113,2
3077,0
45366,1
47690,0
75423,0
41833,0
82586,0
85822,0
51966,3
3925,0
29804,0
98286,0
41429,0
29647,2
47232,0
4595,0
48815,2
32831,1
17643,0
6803,1
76091,0
35557,0
17009,1
20029,0
65278,2
89667,0
95551,2
63050,0
68639,0
99276,0
85459,1
76938,0
85898,0
63488,2
98915,0
9841,1
66109,0
93705,0
50902,1
91020,0
15071,0
90501,1
28396,0
50420,0
59815,0
56942,0
16441,0
62384,0
62731,0
94532,2
43753,0
21145,1
3324,0
41804,0
85279,0
26869,0
9979,0
30143,1
39687,0
28011,2
68008,0
72807,0
34635,1
28817,2
55635,0
4489,1
48059,1
72399,0
76204,0
2736,2
62918,2
1575,0
52548,0
6727,0
63931,0
59846,0
59295,0
38912,1
27778,1
44168,0
83276,0
4429,0
61742,0
52023,0
76428,0
68929,3
92157,0
9331,2
31978,0
44902,0
78501,0
12408,2
7152,1
73220,0
25160,0
85801,0
70134,1
8456,0
75191,0
65022,0
16274,0
28443,2
54184,0
73804,2
97695,0
76072,0
37894,0
11714,0
94401,0
60582,1
27246,0
24624,0
9661,0
93125,1
15106,0
6833,0
37874,0
60989,1
46954,3
21479,0
22279,2
74848,0
48277,0
71777,0
2678,0
19528,0
2768,0
64696,0
21808,0
99747,0
16762,0
85393,1
78331,0
94603,0
3308,0
79752,0
86994,2
95810,2
62861,0
56282,0
50006,0
63827,0
61610,0
14009,0
44405,3
8425,0
53745,0
99135,0
13736,0
33864,3
74222,0
9343,0
69555,1
5468,1
48146,0
24371,0
68539,1
16221,0
94906,1
61283,0
65384,0
10962,1
77969,1
40939,0
43321,0
93109,0
24718,0
73569,0
57738,1
53597,2
58397,0
98153,0
26234,0
96697,2
48339,0
85319,2
56266,1
26233,0
4229,0
56828,0
37696,0
95189,0
63718,1
72210,0
99520,0
72696,0
78096,0
84317,0
66584,2
2122,0
27494,0
84010,0
97763,2
4231,0
29653,0
70196,0
65741,1
89189,0
76765,0
72004,3
43559,0
66685,0
33513,0
61079,0
76603,0
76219,0
386,0
20533,0
57163,0
89558,0
91811,1
10457,0
32771,0
12361,1
61678,0
27197,0
77558,0
35820,0
96445,0
2954,1
58887,1
19850,0
52317,0
62900,1
59174,0
17557,3
21745,0
84018,1
39176,1
30284,0
94999,2
17127,0
33368,1
514,2
41535,1
43217,1
38121,0
35573,0
15763,1
92793,0
87661,0
55665,2
84902,0
36900,0
92395,0
60732,0
78506,1
71216,0
84966,2
93631,0
23385,0
13578,1
76712,0
31441,0
3653,3
60850,0
5347,0
93704,0
90061,0
10862,1
67604,0
87610,0
67549,0
2983,0
32806,0
79393,0
93936,1
41601,2
88349,0
59122,0
41539,1
41400,2
82591,0
87215,0
99589,0
83941,0
57666,0
241,1
77461,0
95753,0
9044,0
37683,0
41910,0
13188,0
97457,2
50793,1
75393,1
53828,0
2816,0
75544,0
73497,1
32357,0
71575,0
8774,0
98200,0
3723,1
82369,0
76676,0
94385,3
63913,0
23803,0
49921,0
45402,0
37809,0
67516,0
8097,0
8120,1
66573,0
25174,0
74370,0
18341,0
3882,0
57945,0
12820,1
64159,0
68456,0
87611,1
73075,0
91475,2
70090,3
56919,1
52948,2
69158,0
56246,0
87892,1
63840,0
29649,0
41380,0
39365,1
689,0
77524,0
31638,0
32776,0
40088,0
93111,0
20805,0
405,0
61592,0
70583,0
1394,0
95774,1
63343,0
71177,1
87719,0
21754,0
27235,0
5653,0
71288,2
70432,0
84038,0
61604,1
36032,0
51654,0
42914,0
15813,2
1666,0
63573,1
91227,0
94634,0
27580,0
33713,0
77059,0
96383,0
22747,2
41738,0
64066,0
13681,0
61713,3
14457,0
24827,0
526,3
89537,0
14005,3
36322,0
36998,0
88861,0
41457,0
89121,0
35486,1
74601,1
61899,0
95537,2
73666,0
31837,3
90254,0
48086,0
49181,0
28841,0
85213,1
9290,0
64008,0
90004,1
16693,1
82165,0
57935,0
55480,1
89353,0
13810,1
70180,1
54660,0
6977,2
29404,0
37680,1
43291,1
85882,0
32399,0
73970,0
24165,0
99558,0
77743,0
55112,1
92858,0
14606,1
1169,0
40948,0
59001,0
95739,1
91247,0
21320,0
39326,0
35340,1
24367,0
94849,1
5201,0
79153,0
35745,1
37836,0
24346,1
21503,2
31721,0
34480,0
62052,0
74476,0
46153,0
47507,0
63152,0
10207,0
61109,0
6021,1
48760,1
58777,3
17942,3
41957,2
90749,1
6987,0
27871,1
91353,0
41244,0
91244,1
13799,0
81109,1
34323,0
46332,0
79128,0
24126,0
30468,1
83025,0
23556,0
53653,0
31970,0
56269,3
33975,0
44054,0
72451,0
90014,0
82575,1
33134,0
60,0
95350,0
75197,1
22950,0
29112,0
98132,0
69134,0
82939,0
44691,0
58831,0
78951,0
11857,2
100,0
71700,0
42668,0
40031,0
59568,1
26441,0
83544,1
96779,0
83724,0
69742,2
10423,2
1517,0
25203,0
41189,0
96735,0
56879,0
38589,1
173,0
12682,0
71478,0
91494,1
64635,0
63669,0
55838,0
36158,1
1684,0
87769,0
38030,1
67431,2
69739,1
75769,3
21481,0
63662,1
18593,0
97187,0
97089,2
32620,1
10711,0
15732,0
74566,2
71415,0
12967,0
92760,0
19772,1
79558,2
38496,0
15356,1
57762,0
27287,0
76772,0
37632,1
60879,1
14170,1
63089,0
46520,3
8543,0
52646,0
74472,0
17136,3
20605,1
62409,0
43612,0
53958,1
56610,0
50342,0
44072,0
51861,1
1845,0
27695,1
1274,1
1225,0
55987,0
33091,0
73392,1
96919,0
99187,0
37141,0
98527,0
29217,1
23881,1
41790,0
67505,0
60416,2
12062,2
33339,1
60444,3
24213,1
87607,0
86206,0
14089,0
61587,1
16547,1
68995,0
49938,2
65756,0
64447,0
16012,0
93516,0
2196,3
2205,0
42363,0
62798,0
54045,0
57058,0
2696,0
49957,0
37329,0
33954,2
898,0
31703,0
30425,0
34858,1
87939,3
62192,0
99237,0
9510,0
131,2
17342,1
31854,0
10465,0
93798,3
7121,3
28715,1
20107,0
950,0
43408,0
56564,1
64452,0
69988,1
80257,0
95017,0
20802,0
85859,0
21501,0
57642,0
41094,1
80030,0
88088,0
7139,0
25009,0
30723,0
52993,0
73349,0
66124,2
48483,1
13480,0
98051,2
90397,0
55706,0
95564,0
73846,0
97155,0
1250,1
5694,0
87037,0
80633,0
33670,1
29940,0
80260,0
32527,1
93049,0
52944,2
64195,0
53222,0
39092,0
11058,0
36230,2
60252,1
35072,1
64010,0
35798,0
28110,0
14363,0
85836,3
47530,0
55590,1
63059,1
76099,0
70545,2
41510,0
40104,0
15606,0
94784,0
73888,3
97435,1
4808,0
93855,1
96430,0
22609,0
28902,0
78939,0
97072,0
6957,1
1101,0
10789,1
68448,1
34165,0
61442,0
36666,2
53013,0
74435,1
72741,0
59806,0
13547,0
77054,0
47448,0
53855,0
25585,0
66211,0
64733,2
52001,0
52821,0
69892,3
83699,0
26683,0
52780,2
76000,0
81153,1
77965,0
95684,2
19312,0
80999,0
7566,0
77664,0
56123,1
15248,2
90737,0
48071,0
25963,2
57742,0
34002,0
94030,0
49306,0
24676,0
48090,0
1092,1
70085,0
29139,0
85230,0
3597,2
32152,0
85865,3
50059,0
90801,0
35884,0
40446,0
11642,0
9583,0
68366,1
17260,0
9922,0
62082,0
44494,0
47414,1
31993,1
14649,0
33878,0
94353,0
81392,0
34749,0
45048,0
73135,1
34180,0
28190,3
30450,1
45061,0
23366,0
3905,2
44576,0
23698,1
16872,1
72509,1
99004,2
74505,0
4536,1
71540,0
46323,0
21224,0
86245,0
82302,0
49164,0
12373,0
8874,0
20022,3
91060,0
32828,0
30665,0
61867,1
91700,3
35735,0
97660,0
27040,0
4454,0
19541,0
19945,0
7327,0
27527,2
14874,0
61199,1
78646,0
73184,0
97194,1
70309,0
72839,1
63792,0
20305,2
41682,1
31122,0
8819,0
61602,0
5046,1
30001,0
6163,0
29981,0
83006,1
4026,0
95464,0
22287,0
30464,1
36745,1
35801,0
42712,0
33721,0
42902,0
13553,0
62528,2
30094,0
36818,2
30478,0
31975,0
6513,0
82534,0
41420,0
43095,0
20362,0
42236,0
46368,0
76191,0
98821,0
21297,0
61070,0
19818,0
39555,0
22739,1
51195,2
70666,0
39874,2
14465,0
27286,0
77931,0
94377,0
45509,0
92595,0
81462,0
22921,0
76045,1
94153,0
14236,0
65181,1
63400,2
48572,3
51251,0
51895,2
17835,0
26580,0
10613,1
65900,2
36200,0
16545,0
303,0
60171,0
24047,1
12745,1
71003,0
49257,1
41932,0
20183,2
23535,1
84665,0
44831,0
20898,2
91672,0
47395,0
59753,0
74483,2
26224,1
82063,0
88877,0
89639,0
61401,0
27589,0
76578,0
86251,0
64023,1
15408,2
54860,0
40058,0
35797,2
40507,0
15801,0
69464,0
10958,0
51940,0
46656,1
16930,1
61937,0
81839,0
75214,0
23106,0
29659,0
53690,0
83676,0
19591,0
7459,0
92416,0
61170,1
23087,1
46732,0
85292,1
57334,0
7869,1
81838,1
68580,0
53753,1
45772,3
14900,1
82278,1
1220,0
62439,0
44442,0
52761,0
63970,1
44433,0
70140,0
39015,0
99015,0
24566,0
46430,0
35141,1
37112,2
79142,2
40442,3
25140,0
57342,0
8514,0
29755,0
88821,0
96969,0
44133,0
36350,0
71682,0
21223,0
90687,0
90251,0
53349,2
41210,1
7449,0
67599,0
34118,0
46687,0
27491,1
16146,0
32022,2
24555,1
95812,0
77789,0
55350,0
88789,1
74589,1
44946,0
70667,0
56792,0
47818,0
86714,1
74852,0
71350,0
14191,0
25184,0
11988,0
8103,1
49263,0
6438,0
67016,2
73836,1
36893,1
78878,0
68300,0
82437,0
53086,0
60470,1
83010,3
72709,0
50538,0
61896,0
54263,0
54938,1
47813,1
12349,0
52394,1
5952,0
93000,0
93681,0
52151,0
81124,0
99372,0
87710,0
74496,0
4157,2
90853,0
79004,2
90571,0
10482,0
74183,0
52889,1
70826,0
39632,2
70075,0
22145,0
2039,1
83198,0
74449,1
37446,0
33044,1
86319,0
4947,0
13730,0
10650,1
49458,0
59013,0
24818,0
89538,0
65292,1
25465,0
6072,0
91559,0
85188,0
66681,1
64923,0
75114,0
78288,1
76814,0
10194,0
7644,0
52298,3
77820,1
65380,0
35413,0
6645,0
92783,0
46069,0
14810,0
51489,1
15256,0
45401,0
41135,0
81434,2
18155,0
85452,1
87004,0
98194,1
75082,1
17591,0
74424,1
1864,3
14290,3
95274,3
66495,0
53896,0
65796,0
71587,3
93028,3
72165,0
97221,0
4837,0
69625,0
24630,1
87061,0
13781,1
21924,3
26505,0
21378,1
66844,0
56730,0
98934,2
6516,0
98083,1
18217,0
89024,0
41950,2
18125,0
65507,0
14415,0
1377,0
42025,0
88932,3
13823,0
35810,0
11121,0
94828,0
17351,1
56248,3
54153,1
41161,0
22548,1
14175,1
76605,0
60913,0
17407,0
46367,0
22620,0
40695,3
71461,0
77371,0
95412,2
26214,0
120,0
78753,0
84182,0
8361,0
31548,0
59537,0
25852,0
83677,0
40004,0
11008,2
26461,0
41933,0
82859,0
71466,0
86887,1
66506,0
66980,1
93771,0
55395,0
81832,0
28296,0
50374,0
52114,0
79592,2
93575,1
11589,0
41022,0
10195,0
14052,0
60864,0
91724,0
79511,0
87130,0
11613,0
27540,1
41922,0
61288,3
70761,0
186,1
38252,0
79811,0
39932,1
72490,1
70555,0
37275,0
87250,0
47785,2
71273,1
29664,0
4626,0
10821,1
24231,0
65219,0
62672,1
41823,0
67262,0
25624,0
24167,1
56706,0
28058,0
48440,2
90839,0
53053,0
9243,0
43895,2
68032,0
51422,0
99361,0
57628,3
53715,0
81712,0
36438,0
8203,0
83398,0
97842,1
75518,1
6556,1
51157,0
76313,0
6860,1
35993,0
90688,0
77082,0
62135,0
86066,0
8278,0
73720,0
42030,0
52826,0
41123,1
57697,0
13971,0
80400,0
77172,0
30114,2
33635,2
96727,2
43591,2
29538,1
29833,2
95267,0
69918,0
70409,2
45950,2
35724,0
37330,0
13674,0
31109,0
26835,0
89146,0
56251,0
74278,1
28483,0
4684,1
2948,0
60315,3
81510,0
89493,0
65103,1
1728,0
11148,0
72105,0
31214,0
92311,0
19685,0
4375,0
29093,0
84852,0
21739,0
85545,0
24478,2
1782,0
7406,0
84587,2
43978,0
55630,0
10396,0
23644,0
34174,0
7019,0
97680,0
88518,1
23331,0
60217,0
71849,0
62628,0
59328,1
17069,0
31244,3
1171,0
87189,1
94265,0
33081,0
27482,0
25688,0
75362,1
13989,0
63037,0
20395,1
4726,0
92382,0
87238,0
31666,0
13446,0
41879,1
29191,3
63168,0
95000,0
23360,1
72143,0
57346,1
42988,0
64062,0
44260,0
91342,1
3491,0
17268,0
42767,0
21607,0
75548,1
47973,1
12769,1
55740,0
14473,1
33119,0
57199,2
60169,0
62055,1
31916,0
2052,0
44218,0
95232,1
26772,0
24897,1
79343,0
8146,0
39961,0
23840,0
16510,0
36495,0
43093,0
23336,1
85300,1
33602,0
13119,0
78857,0
26527,0
75131,0
40159,0
63548,1
66902,0
18397,0
82593,0
73058,0
32818,2
21870,0
79463,0
20723,1
69146,0
56092,1
94498,2
92798,0
21275,0
78157,0
91349,0
72228,0
81564,0
44864,0
36632,1
37414,0
3199,0
14463,0
5702,0
35714,0
18683,0
99951,0
58145,0
68562,1
61508,0
16273,0
97864,2
47003,0
46964,1
74489,0
75001,1
63990,1
45784,1
80758,1
71692,0
66121,1
63642,0
38697,0
473,0
94648,0
8618,3
13835,1
25708,0
44662,0
30240,0
72521,3
95201,0
54835,0
67221,0
13250,0
25981,0
18320,1
68658,1
66079,0
79462,0
17756,0
38822,0
50449,1
73821,0
32019,0
96157,0
45779,2
68329,0
31324,2
40568,0
38453,1
75374,3
91049,1
54607,0
92797,1
70478,0
34274,0
62650,0
97196,2
71371,0
49033,0
68272,0
18421,1
53090,2
39528,3
37165,0
74448,2
92107,0
25219,0
21711,1
90623,0
60677,0
57268,0
36038,1
9428,1
70042,0
98373,1
60197,0
13449,0
89458,2
65166,1
80158,0
70176,0
79164,0
47377,0
65613,0
93020,2
70967,0
30821,1
74388,0
49978,2
68717,1
77841,2
20068,0
19477,0
70652,0
14951,0
92746,0
83571,0
3570,0
17147,0
85297,0
89971,2
51104,2
87968,0
90322,2
97802,0
58914,0
44165,0
29021,0
74115,1
56728,3
74390,1
33808,2
87497,1
34639,0
65201,0
82397,0
6969,0
12852,2
69895,0
98155,0
38006,0
19219,0
41647,0
47284,1
91477,2
7654,0
56774,0
29135,2
58034,0
42389,0
94382,0
41398,2
83116,0
37702,2
56654,0
73962,0
68793,0
62937,0
36171,3
24690,0
33112,0
45315,0
24223,1
31935,0
31272,1
13623,2
51990,1
85833,0
8346,1
69060,0
50957,1
60779,0
57461,3
90238,0
68521,0
59345,3
87728,3
49585,1
34846,1
56472,3
35115,1
46400,0
70055,3
255,1
4176,0
24501,0
68576,0
33908,1
98018,0
29293,1
73456,0
6363,0
54917,0
54716,0
11734,0
976,0
40402,1
88065,0
52341,0
44720,0
35364,0
52660,0
15321,1
39187,0
33915,0
86412,0
34539,0
48304,3
2739,2
606,0
64685,0
62103,0
55035,1
53548,1
64443,3
84613,1
76215,0
59105,0
28501,0
53009,3
53890,0
506,0
65439,1
33389,0
45683,0
65646,0
23699,0
86796,0
14914,0
67365,0
3669,0
7926,3
77605,0
48582,0
65414,0
18284,1
60993,2
58799,1
14301,1
45377,2
72946,3
947,3
63251,1
61658,0
70779,0
85913,0
98735,2
93944,0
4177,0
98453,1
56963,0
63467,1
9410,0
37011,0
59904,1
60798,1
94077,0
24753,0
21464,0
58171,0
21514,0
36035,0
72430,2
79261,1
7904,0
12384,0
54313,0
67409,0
92240,0
73170,1
34120,1
12585,0
8949,0
79039,0
45688,0
16232,1
41937,3
30859,0
75837,0
47278,0
84490,0
11230,1
72822,0
11060,0
19529,0
6827,2
11944,0
35238,0
7777,1
59544,2
62813,2
2341,1
27828,1
50435,0
44367,0
8460,0
16484,0
5476,1
65161,1
24226,1
72804,0
9935,0
85405,0
88996,1
89041,0
11820,0
19116,0
60131,0
30719,0
90435,1
54032,0
73996,0
51352,3
34327,0
66290,0
92243,2
90931,2
61704,0
84122,0
69138,0
49879,0
24174,0
25082,0
14157,1
15636,0
82635,0
20621,0
28952,3
57820,0
72489,1
6133,1
16645,0
93894,0
57653,0
49956,0
70868,3
74156,0
46550,1
48361,0
98007,0
64718,0
63777,0
43925,3
73492,0
31132,0
99406,3
80127,3
92534,0
42495,3
3076,1
7810,0
19948,0
8983,0
47220,1
21437,1
31904,0
14002,0
6125,0
87928,0
40662,0
71077,3
59023,0
13479,1
93735,0
96183,0
97548,0
30402,0
72670,0
28506,1
42798,0
47914,1
4994,2
35660,0
56377,0
93104,1
95284,1
96707,2
29736,2
82739,1
80159,3
47576,1
27768,1
39579,1
4800,0
47258,0
13539,0
39229,0
16389,0
5911,0
56081,0
88985,0
72351,1
68762,2
13899,0
88170,1
8089,1
66119,0
83484,0
49255,0
65702,0
76233,0
39631,1
65228,1
24310,0
44316,0
3594,0
22285,0
60997,0
59885,0
87296,1
58117,1
48502,2
93614,0
49095,0
70336,0
11933,0
59558,1
80186,2
2477,0
98877,0
16606,0
76329,1
33413,0
62862,2
39839,0
54873,0
24184,1
52769,1
47337,0
6555,0
70509,0
40151,0
52098,0
31615,0
12831,0
84372,0
51761,0
2421,0
75287,0
84422,0
47265,1
76543,0
74462,0
67872,0
5678,0
14680,3
43038,0
39003,1
42189,2
30290,0
97333,3
83490,0
3258,1
29059,0
63404,1
53242,1
8501,2
29045,0
66467,0
76586,0
2230,3
50645,2
35833,0
1254,0
69683,0
71582,0
51441,1
68226,0
12196,0
78020,0
26655,1
18746,0
33069,0
31784,1
9641,0
94912,1
29070,0
23186,3
8191,3
58683,1
48733,0
81539,0
24781,0
99210,0
96242,1
61890,0
21925,1
46737,0
77662,1
47969,0
32890,0
88465,3
13298,0
97210,0
85842,0
53585,1
97450,1
27453,0
15047,0
32896,0
27844,0
29805,0
3762,0
78105,0
33286,1
42058,0
55239,0
10866,1
16425,0
38666,0
22397,0
27030,0
30912,1
68595,2
30223,1
13293,1
48203,0
73723,1
86850,1
15679,2
3242,0
82661,0
15463,0
2346,0
18865,0
47394,0
44407,1
35343,3
29208,0
51256,0
58665,0
20557,0
33945,0
5320,0
99055,2
5464,0
15720,1
35657,0
43322,0
82785,0
99619,0
84067,0
60275,0
20763,0
52978,0
87908,0
57362,0
97558,0
24129,0
15152,0
15005,0
69723,3
36583,0
59338,0
57971,0
4623,2
56156,2
4955,1
80283,0
40389,0
48856,0
2328,0
83178,1
48030,0
97620,2
85102,0
71871,2
45987,0
52979,0
15166,0
41653,0
10344,0
28319,1
45629,0
99943,2
5427,1
8214,0
2002,2
93290,0
25102,0
82025,0
31944,0
89543,0
46132,2
88196,0
42555,3
29705,0
59990,0
74833,1
68099,0
33089,0
49565,1
28176,0
39754,0
63363,0
19295,0
33552,2
16789,0
5553,1
84973,1
11969,0
85373,0
79522,0
83386,0
6084,0
81011,0
68802,1
15122,0
26573,0
77116,0
40617,1
47780,0
95092,0
75699,2
92350,2
45516,1
93657,1
93365,0
76304,0
93752,2
35009,0
46234,2
74039,0
53192,0
1716,0
67856,0
26666,0
89387,1
93343,1
40342,2
37324,0
89909,1
35379,3
88178,0
41562,2
63367,0
57197,1
93678,0
98673,0
39453,0
35188,1
23777,0
56843,0
45144,0
54161,1
702,0
4573,0
13980,0
45008,0
86441,1
35817,1
72865,1
20323,0
99062,0
82606,0
86819,0
91666,0
44956,0
65961,2
19822,1
68621,0
77215,0
72660,1
82816,2
67448,0
7285,1
71400,0
13684,0
51452,0
98098,0
26052,0
32865,2
17063,0
5194,0
99824,0
33673,0
23877,0
39062,0
46652,0
18736,0
15214,0
11755,0
75442,0
68548,0
54891,1
53087,2
14524,0
41231,0
56862,2
20792,1
11117,0
66986,1
92075,0
4064,1
72029,1
69866,0
75765,0
7629,0
2508,0
97275,1
70184,3
38062,1
79478,0
60158,1
29757,1
67506,1
48357,0
13266,0
29525,0
32195,0
49159,1
51607,0
33105,0
37351,0
60650,0
8728,0
82413,0
98435,0
4739,1
29670,0
14848,0
31674,1
47658,0
73042,0
66574,0
36957,0
92401,0
28885,0
67567,1
88487,0
26929,1
49829,0
40090,1
40313,0
47875,1
12264,0
25289,0
22430,0
65265,0
50291,0
57480,0
4055,1
28859,0
42828,0
37895,0
37617,0
9082,0
70410,3
755,0
25380,2
21786,0
19275,0
74759,1
77675,1
77273,0
52770,1
69936,0
61859,2
84547,0
21954,0
63683,0
83128,0
87392,0
50639,2
89711,0
84630,1
37932,0
87279,0
28566,2
59397,0
7099,0
25509,0
18710,0
19486,0
29504,0
52301,1
83374,0
22936,1
98634,0
19221,0
25595,2
26324,0
59095,0
19436,0
86036,0
70775,1
78399,0
90879,0
80681,2
83892,0
57044,0
61930,0
80315,0
33731,3
6183,0
47011,0
30242,1
86294,0
93206,1
19369,0
12959,0
2061,0
45211,0
15676,0
37730,1
2970,0
1086,0
95369,0
19159,0
53943,0
57271,0
60269,0
27031,0
36117,0
4009,0
85732,0
69154,0
2638,0
36456,0
88466,0
48360,0
89723,0
27150,0
48564,1
5939,0
73389,0
30713,0
2422,1
65024,0
10767,0
2579,1
45494,1
71720,0
98386,0
36083,3
7135,0
14747,3
49450,1
27087,1
18435,1
81436,0
15892,0
2721,0
76306,0
95813,0
49512,1
37722,0
24746,0
63068,0
17445,0
32291,0
96992,0
88344,0
83359,0
70246,0
39603,0
14490,0
48489,0
95108,0
9010,0
76118,0
80988,0
6166,0
67720,0
30074,0
76722,0
90270,0
36658,1
95198,3
26190,0
96629,0
47114,0
10115,1
4720,0
64206,0
4332,0
43746,1
77712,3
94414,0
39542,1
51796,0
55647,0
77890,1
73010,0
77241,0
26452,0
5929,0
16083,1
58804,0
38180,0
76261,3
23484,0
42792,0
10212,0
66462,1
35425,0
67978,0
90199,0
48932,0
71451,1
8245,1
27484,0
19671,0
68495,1
14326,1
64482,2
79181,0
24642,0
65502,0
63776,1
46774,0
34355,0
29002,2
8008,1
84072,1
23364,0
26133,0
23534,0
44871,0
57581,0
48433,0
34939,1
11730,0
8249,0
98402,2
44677,1
78768,0
69968,2
24918,0
53130,2
61484,0
55254,0
99256,1
95366,1
72618,0
54868,0
63796,0
4897,0
66546,2
2989,0
42447,0
57850,0
50120,1
93988,0
69430,1
56851,1
99329,1
35061,0
89577,0
83882,0
24123,0
53411,2
48569,0
79467,0
89763,0
34825,1
48068,1
814,0
5393,3
32529,0
45487,1
88970,1
32468,0
36773,0
15505,0
66266,0
20707,2
92909,1
21207,0
30975,0
88606,1
77567,0
93139,3
39647,0
20034,0
72144,1
43550,0
35420,0
24741,0
8978,0
88280,0
39668,0
9026,0
64501,0
34128,0
63284,0
57584,0
47923,0
88154,1
12098,0
16616,0
9985,1
34929,0
67152,2
36561,0
46055,0
41370,0
57511,0
11750,1
82492,0
81617,1
8490,0
17137,0
2182,0
23919,0
75021,1
19931,0
89657,0
89696,0
137,1
29154,3
96599,0
20413,0
3975,3
29914,1
42730,0
41440,0
37829,0
62598,0
21756,0
49563,0
20322,1
1988,0
53350,3
47932,1
49981,1
18788,0
30797,1
63664,2
32500,0
44680,3
68209,0
1965,0
14016,0
21700,3
3879,2
24957,0
12581,0
82134,0
9899,0
97403,0
20573,1
50380,1
93348,0
31049,1
88852,3
15437,0
8347,0
98541,0
87119,1
17871,3
51317,0
94314,0
62685,0
34178,1
87246,0
77955,0
29064,2
71593,0
76222,3
16449,1
9072,0
75090,1
63985,1
50198,0
83651,0
92381,0
49556,0
25381,1
10271,0
78643,3
29711,0
53710,0
8369,0
15902,0
34402,0
95950,0
52043,0
19718,0
96282,0
49360,0
61336,3
97050,0
78820,0
45889,0
86293,1
55124,0
88106,0
49437,1
20705,0
30540,1
98120,0
20035,0
41919,1
46264,0
76206,0
1520,0
27101,0
81705,0
90772,0
45874,0
11681,0
71208,0
24057,2
34584,0
62721,1
88208,0
14139,2
79058,0
35598,0
89420,0
94371,1
58389,2
23158,0
41303,0
80312,1
73201,3
81286,0
71151,2
8849,0
93119,1
56254,0
92276,0
98739,0
91014,1
30716,1
80237,0
62658,1
65894,0
4039,3
82255,1
60186,0
5958,1
11089,0
54432,0
36961,0
64454,2
25065,0
35913,0
99105,0
20865,1
36940,0
56829,1
83114,0
73461,1
13515,1
5864,3
29535,0
77159,1
26770,0
12558,0
96026,0
64866,0
52449,1
18055,1
87771,2
79304,0
87588,2
98625,0
73306,0
57065,0
83900,0
74162,0
95427,0
93940,0
10220,1
88800,2
74730,0
85818,1
30152,2
5063,0
18381,0
24379,0
93537,3
34196,0
45797,0
84334,0
13234,1
95708,0
20665,1
61975,0
3850,3
27006,0
18748,1
59195,0
41862,0
65458,2
21844,0
33687,0
33316,0
45068,0
22978,0
54044,1
65240,0
85264,1
22423,1
13355,0
98838,1
73215,0
3784,0
62969,2
35646,1
47933,2
97560,1
69850,1
97038,0
30489,0
97781,2
65360,0
35605,0
2008,0
17778,1
33962,1
20988,1
32377,1
75227,0
5920,2
29148,0
40431,0
55516,0
89633,1
25195,0
80253,1
4014,0
21713,0
77615,0
93859,0
38619,0
24921,2
99847,0
31599,2
67389,0
43929,0
79605,0
3656,0
81855,0
8048,0
33747,0
98578,0
79932,1
6642,0
41198,0
85603,0
22944,0
80927,1
85255,0
92171,0
50728,0
13953,0
55376,1
35481,1
69051,0
41918,0
89931,1
82141,2
31549,0
26784,0
59412,0
25519,2
97440,0
95819,1
2110,0
34142,0
75261,0
75457,0
96709,3
47684,0
99096,0
57761,1
56863,0
66775,2
33984,0
94527,1
16205,0
46787,0
33545,0
96872,2
7489,2
24005,0
79564,0
33516,0
27881,0
8493,0
18860,0
31778,0
13043,0
78994,2
82178,0
34363,0
25553,0
48931,0
69145,0
38731,0
12378,0
66299,0
83499,0
97021,3
24991,1
70062,0
64928,1
11921,0
58451,0
59760,2
39111,0
12184,0
43391,0
57226,0
47280,0
4270,2
49847,0
29702,0
37439,0
24885,1
1967,1
74741,1
88699,0
43331,0
50594,1
49669,0
39360,0
1313,2
25642,1
73120,0
812,0
22840,0
75281,0
25396,0
82464,0
53265,1
24506,0
71800,0
27809,1
88480,1
8633,1
12399,0
69156,0
79927,1
24884,0
43861,0
8341,0
30706,1
5197,0
60634,0
73760,0
66496,0
63294,0
72971,0
6731,2
79697,1
64811,0
97101,1
12609,0
78510,0
89997,0
55497,0
11252,1
61389,0
12835,0
36791,0
51677,2
19843,1
59960,0
8984,1
85311,1
8246,0
36395,0
18877,0
92219,0
95318,0
75874,3
26264,0
50404,0
69569,0
33409,0
96873,0
30494,0
8003,0
95535,0
3212,0
64836,1
29196,2
51356,0
30537,0
47758,0
11842,2
15208,0
5265,1
53701,1
83186,0
16457,1
54780,0
96143,0
53063,0
18753,0
76544,0
81188,2
45634,0
73334,1
52393,0
92376,2
7882,0
58351,0
25682,0
11309,0
14475,1
55852,0
61659,0
77783,0
77164,0
88231,1
12928,0
70347,0
99138,0
14665,3
95326,1
44040,0
53894,1
3950,0
38068,0
88532,0
80373,0
2528,0
68364,0
9623,1
4112,1
75305,0
61396,0
48679,0
83157,0
20162,0
58110,1
91539,0
52083,1
21474,1
78736,0
21654,0
13987,1
86409,1
22893,0
78206,1
51188,0
2387,1
4198,0
22945,0
10676,1
48977,0
95902,1
21568,0
31793,0
48728,1
44463,0
11284,1
27129,0
84580,0
3823,0
97530,1
59896,2
28111,0
26928,0
65177,1
59190,0
27563,0
61806,0
34775,1
77782,3
11808,0
95047,0
49839,1
7075,0
8604,0
51821,0
7993,0
55840,0
63907,0
78310,2
46405,1
31961,1
5737,0
41399,3
99022,1
45280,0
63720,3
53973,0
25447,0
42170,2
11740,3
67947,0
73043,1
96584,1
99954,3
53291,0
7461,1
93729,0
96645,1
47103,0
45124,0
76345,3
60567,0
52254,1
28387,0
20760,0
89431,0
98047,0
24706,1
31493,1
78010,0
99185,0
64335,0
36634,0
37116,1
89600,0
81913,0
86717,1
25159,0
57338,2
7391,1
92001,3
67591,0
56815,0
87663,0
55368,0
50326,0
92424,2
97208,0
67123,1
44187,0
97740,0
52719,0
20404,0
93331,0
48568,0
69063,0
18442,1
91207,1
40164,0
72172,0
57131,0
27264,0
12085,0
86681,0
33098,0
69580,0
13617,0
8809,0
64955,0
46581,0
11330,1
92602,0
6818,0
40540,3
19539,0
12126,0
52413,0
85440,0
71346,2
57580,0
91365,0
2734,0
9945,0
85570,0
69434,0
81782,1
24247,0
83286,0
19112,0
37848,0
90602,0
10959,0
91106,0
31047,0
21288,0
28665,1
73588,0
45371,0
45744,0
83799,0
25870,1
62476,0
96327,0
9672,0
70367,0
35321,1
42541,0
94982,0
10993,0
9009,0
80569,0
45842,3
51608,2
14202,1
72632,0
35212,0
98882,1
9194,0
65673,0
44146,0
39086,0
55069,0
93029,1
26189,0
49853,0
89752,0
54631,0
46015,0
41410,0
20659,0
47329,0
8271,0
31518,3
1634,0
17004,0
28527,0
23325,0
22163,0
46495,1
42442,2
99357,0
60360,1
85120,2
1472,0
15565,0
99588,0
87468,0
30965,0
53052,0
30297,1
71631,1
40762,0
66181,0
33902,1
99474,0
60869,0
44310,3
74153,0
22408,1
77377,0
96181,0
13133,1
91945,0
69730,1
96240,0
50158,1
48154,0
16599,0
14021,0
79358,0
71801,0
37970,0
54037,0
31273,0
10463,0
16699,0
57464,0
84301,3
32077,0
99417,1
16688,0
23410,0
45186,0
37023,0
34110,3
75667,2
12964,0
90655,1
63082,0
70143,0
41747,0
65065,0
63886,2
808,1
48632,2
77814,0
17615,0
80486,0
9886,0
43376,1
16042,1
38612,0
89915,1
68765,0
64586,0
50276,0
99928,0
98243,0
94556,0
13223,0
15614,0
41011,3
27702,2
5983,0
79321,1
80433,1
23751,1
53499,1
82915,0
24396,0
99412,0
70764,1
8226,1
47199,0
75599,1
43730,0
3426,0
46281,1
84646,0
70806,1
50952,0
12862,2
99449,0
579,1
2,0
52310,1
35223,0
5758,0
56676,0
1112,0
47260,1
66237,0
62002,1
70842,0
73480,1
92771,0
28936,2
93416,1
59861,1
75738,0
23565,0
69700,0
41498,1
63413,0
74847,1
57353,0
63656,0
48534,1
89949,0
71570,0
80737,1
18509,2
69614,1
76134,2
29299,0
97495,1
5168,0
45063,0
60443,0
63218,0
11532,3
22463,1
95656,0
36493,0
3022,0
1383,0
28736,1
84345,1
13206,1
40315,0
6765,0
24386,0
5196,0
39995,0
67006,0
27810,1
63188,0
81075,1
75587,0
39744,0
27813,1
45574,2
90262,0
12850,0
80973,1
94081,0
72115,0
99549,1
80653,1
94355,0
79034,0
31307,0
50127,1
50370,1
44935,0
783,0
61093,0
33789,0
11319,0
10504,0
44000,1
42768,0
37332,0
42328,2
51744,2
8466,0
44410,1
56317,1
97774,0
49039,0
91163,0
36668,0
84789,0
99706,0
2709,0
63639,2
72328,0
38901,1
7536,0
4480,0
53776,0
2797,0
80586,0
93767,3
28258,0
49996,0
4819,0
25957,0
37971,0
90194,0
76176,1
58554,1
3447,0
686,0
9600,2
74250,0
72135,0
23083,1
53261,0
95725,0
62920,0
72770,0
56760,1
89643,0
17626,2
60411,0
80643,0
31672,0
84053,1
31754,3
19127,1
34470,0
91896,1
68896,0
36489,0
20369,1
8350,2
7196,0
14013,0
65027,0
14798,0
80212,0
66535,0
12718,0
10409,2
44939,1
75659,0
29716,0
93434,1
99219,1
97997,0
7546,0
55031,0
86496,0
6287,0
26688,0
39793,0
75360,1
41033,2
95321,0
13771,0
63324,0
72565,0
49633,0
28456,1
68672,2
45263,0
51223,0
64423,0
96360,0
41430,0
22185,0
93399,0
75428,0
80838,1
92901,0
33056,0
93363,0
88558,3
94650,1
73940,0
70544,1
2446,0
92280,2
4597,3
26587,1
35350,0
68480,0
45054,0
13790,0
75467,0
93511,1
54201,1
81888,2
97917,0
9738,0
62400,0
98430,0
75162,0
51558,1
68348,0
12741,0
63085,0
88375,0
72903,0
42569,0
27834,0
43342,0
31512,1
13936,0
65046,2
1242,0
41566,1
9472,0
16553,0
96831,0
43687,0
55432,1
12669,0
94458,0
54834,0
24195,0
54136,0
1977,0
7312,0
84012,0
61029,0
4645,1
52452,1
7199,0
24603,0
42185,0
82931,0
99367,0
71228,2
16980,0
97084,0
86115,3
26715,0
86590,1
81102,0
62799,0
27890,0
84903,0
24155,0
76881,2
54224,0
25877,1
75795,0
98672,0
38788,1
83804,0
88377,0
985,0
47030,3
95606,0
95622,1
68218,2
77256,0
78704,0
16504,0
19573,2
80717,1
81562,1
40714,0
43406,0
5270,1
867,0
32601,0
54523,0
12840,1
45201,0
39050,0
57368,0
88633,2
30272,0
1122,0
36327,0
73992,0
83480,3
67585,3
70114,0
90526,0
77218,1
80551,0
5782,0
24515,0
23896,0
41526,0
15850,3
85248,0
96010,0
11930,0
25731,0
55816,0
84872,2
6337,0
15433,0
49103,0
72380,0
59315,2
52395,2
26653,0
16310,0
97919,1
37801,0
4756,0
21244,0
80747,0
60152,0
6708,0
77424,0
59373,0
67865,2
21583,1
62264,1
65137,1
36814,0
25571,0
18233,1
37758,0
76637,2
15528,0
63901,0
60622,0
22093,1
85045,0
25885,0
5608,0
72437,1
87266,0
86001,0
44350,0
71102,0
81364,1
1214,1
1093,0
40738,1
75633,1
1628,0
24602,0
94684,0
49318,0
25734,0
99632,0
94737,3
46207,0
95565,1
34499,0
73664,0
44012,0
1001,0
87839,0
20014,0
59056,0
99339,0
95313,0
30901,0
14944,0
47703,0
1900,1
15738,0
48739,1
63304,0
6547,0
67227,1
16001,1
56176,1
73811,0
43279,0
31134,0
98607,0
87543,0
81050,0
57269,0
90105,0
23965,1
1942,0
11476,0
49541,0
40601,0
99990,0
20562,0
23034,0
12756,0
267,0
27984,0
70881,0
95560,2
12661,0
57926,0
24974,0
36269,1
29522,1
95986,0
65972,0
88595,0
24029,0
66767,1
30282,0
53345,0
39393,0
54232,0
94646,0
38218,0
63532,0
36272,0
45409,0
80070,1
46863,2
76854,1
66823,0
28280,2
44100,2
84726,0
21956,0
27303,0
1594,0
96032,2
92446,0
74376,0
46651,3
7693,0
5770,0
33308,0
86569,0
45587,2
40301,0
90375,1
65442,0
36959,0
67335,3
81646,0
9319,0
83740,1
65130,0
52980,0
92174,2
19183,1
60930,1
95885,0
47186,3
86199,1
28081,0
32395,0
40493,1
74138,0
52347,0
12358,0
30909,0
76189,1
63948,1
35996,0
87067,3
64308,1
47799,1
9122,0
63523,2
99625,0
61518,1
63157,0
92408,0
92377,2
98973,0
28564,0
3063,0
93051,3
96358,1
98189,1
75439,1
18505,0
69150,0
86114,1
60176,0
44918,2
49057,0
61437,0
11079,0
88237,1
89504,0
1031,0
89037,0
10608,1
93649,0
69170,0
78512,0
58764,1
70914,0
35016,0
87324,2
74878,3
25243,0
95926,0
72090,0
3295,0
72977,1
1252,0
13911,0
85038,0
66193,0
37105,1
80206,0
86029,0
24049,1
24114,1
24899,1
99325,1
79089,0
81098,0
78931,0
90989,1
69637,0
90246,0
52321,2
63414,3
50561,0
76365,3
82473,0
64519,3
66389,1
65594,0
53165,0
72742,0
21537,0
36497,1
28444,0
5956,0
26363,3
73188,2
36880,1
32959,0
5002,0
90790,0
48653,0
56864,0
25017,0
28053,2
41200,0
77682,0
18471,1
62490,0
42573,0
8345,1
21982,1
69631,0
89450,0
94347,0
86413,0
34354,2
78719,0
78859,1
8134,0
64074,0
57582,2
95028,1
12606,0
98040,0
56211,1
39913,3
61462,0
84660,0
36802,0
92164,0
41641,0
73815,1
40072,0
36525,0
99569,1
76576,0
49386,0
81088,2
28364,0
89419,1
26506,2
50118,0
19990,0
69734,0
20706,0
92461,0
44633,3
75062,0
36285,0
50749,0
19276,0
26378,0
88463,0
27283,0
42461,0
31447,0
90372,0
9240,0
72699,0
93257,0
46260,0
71265,1
71020,0
98506,1
20936,0
90222,0
73147,0
84170,3
60225,0
97782,0
91742,0
76782,3
9756,0
11167,1
41312,0
47328,0
89911,0
38238,1
16663,0
18530,0
63919,1
16041,1
64598,0
36942,0
67195,0
52546,0
35395,0
95995,0
19524,0
78088,0
80962,0
96404,0
31489,1
4427,2
53565,1
24539,2
29881,0
87527,1
76713,1
73088,0
6916,0
99938,0
60445,0
4032,0
57349,0
15452,0
74220,0
21400,0
31232,0
97389,1
31507,1
4697,1
203,3
55345,0
21312,0
6592,0
9273,0
41358,0
84086,0
91621,0
80296,1
79684,1
57111,0
4545,0
26678,1
94673,0
45456,0
96713,0
82783,0
63661,0
9465,0
40258,1
42624,0
54483,0
42562,1
28145,0
73154,0
14217,0
72054,0
86617,0
52369,0
48992,0
17940,0
95968,2
24775,0
1526,3
5399,0
64013,0
83668,2
52706,0
34851,0
79158,0
31379,0
47282,3
69495,2
11749,0
24881,0
31815,0
12423,1
85916,3
40295,0
61261,2
21416,0
67232,0
53781,0
67711,0
81978,0
92248,1
69015,2
71388,1
24585,0
8738,0
5477,1
32506,0
92154,1
24623,1
76336,0
35043,0
21517,0
70834,1
71585,0
37090,0
87787,0
67566,1
20242,0
81869,0
34291,1
27535,0
1552,0
16305,0
17050,0
41860,1
4843,1
42430,1
87525,0
68459,2
92631,0
30989,0
26287,0
19952,2
50328,0
81739,0
44999,0
81389,1
21848,0
30728,0
26807,1
37326,0
59751,2
67284,1
43354,0
45086,0
37262,0
52431,0
42382,0
26434,0
34887,2
55123,3
90775,0
2351,0
13153,1
41405,1
38820,1
35409,0
41501,0
68682,0
97412,1
13398,0
33200,0
19827,0
31893,0
56834,1
10452,0
71828,0
18747,0
75209,0
70021,0
39531,0
89770,1
44252,0
27486,1
77638,0
70133,0
58996,0
24601,0
60528,1
77048,0
46451,0
68619,0
33854,1
71401,0
58965,0
4535,3
85302,0
84394,1
68074,0
27505,0
39342,0
33100,0
83471,0
29776,1
19614,0
27805,0
28342,0
48445,2
53440,0
11515,0
6162,0
46905,1
5792,1
31782,0
8339,0
34663,0
16030,2
36154,1
58843,3
54982,1
31141,1
81080,1
57938,0
14514,0
89411,0
37669,0
77957,0
58415,0
64822,0
10528,2
41084,0
1298,1
62626,3
68872,0
83815,1
44160,0
63254,0
2947,0
51259,0
34703,0
17736,0
11908,1
361,0
89789,0
39436,0
76993,2
11301,0
39915,2
8129,0
22254,0
81771,0
12216,0
47254,0
78819,2
46457,0
97488,0
7938,0
33748,0
9515,0
39968,0
44884,0
22760,2
60728,0
88390,0
37254,0
83074,2
6496,0
83407,2
66596,0
80031,0
4821,0
21470,2
7042,0
52790,0
25318,0
45692,0
87526,0
93064,0
22313,0
75376,0
2270,0
17179,2
26617,1
94053,0
78844,1
49380,1
32487,0
59940,1
39391,0
67005,0
20477,2
27069,0
73298,1
94623,0
7662,0
61642,0
66917,0
21073,1
91159,0
26058,0
16723,0
16961,1
74574,1
65539,0
2219,0
7242,0
27076,1
99250,0
3817,0
14176,1
4018,0
96019,0
70132,1
90135,0
43301,0
19902,0
99678,0
32568,0
95249,0
47534,0
86404,0
46827,0
98772,1
94238,0
69298,1
20617,0
6470,1
47470,1
24664,0
3490,1
94866,2
76655,0
33876,0
16595,0
5169,0
3004,0
80068,2
18794,0
13739,1
23263,0
97441,1
71553,0
82813,1
21737,1
46823,0
69519,2
71718,0
68122,0
99757,1
40156,0
39098,3
19768,0
97866,0
1484,1
88156,0
87809,0
29431,2
41191,0
55968,1
257,0
70748,0
90759,0
96844,0
7553,0
33776,2
19597,0
82185,0
73200,1
22202,0
12193,1
3411,0
93514,0
83943,0
44601,0
163,2
30849,1
81961,0
16512,3
67171,2
2330,1
77209,0
7027,1
16570,0
83990,0
96923,0
8953,1
35358,1
75546,0
77828,3
8724,0
6602,1
33418,2
53024,0
55902,0
12743,0
85820,0
85425,0
79070,0
85430,0
11529,0
25485,0
84718,0
78598,2
68321,2
38661,0
10869,0
56136,0
87027,0
47316,0
13368,0
7646,2
3616,0
91431,0
41355,0
63225,0
54007,0
42371,1
80266,0
40677,0
54699,0
41554,0
39956,0
59236,0
66313,0
4161,3
80568,1
82807,0
82,1
6056,0
38470,0
25718,0
48264,0
97371,0
6924,0
54556,1
1612,0
28854,0
80302,0
84802,0
28690,0
10149,0
76260,0
46523,0
4124,1
1133,0
52730,0
73689,0
44966,1
93042,0
14466,0
32016,0
48195,0
26472,0
59898,0
35389,0
8997,1
40920,0
88099,1
57780,0
49069,0
84905,0
52804,1
21896,1
22538,0
82177,0
13890,2
17048,0
49420,1
48103,0
61938,1
62276,0
38381,0
33255,0
14690,1
56234,2
10387,0
60769,1
62323,0
36249,3
63265,0
17204,1
70408,0
48222,0
75341,0
82296,0
6713,1
68089,1
52798,2
39924,0
90664,2
15880,0
4592,0
13458,2
21498,1
86830,0
11702,0
37701,1
9906,0
21817,0
60431,3
294,1
96863,0
76932,0
69454,0
40332,2
71299,0
65304,0
20746,0
89315,0
42323,0
54415,0
77515,1
97953,1
58064,0
15821,0
86680,0
19678,0
52039,0
18845,0
52946,0
99451,0
89673,0
10162,3
4421,1
55259,0
52185,0
82167,0
22504,0
45031,2
8606,0
19110,0
81671,0
62296,0
81488,1
93794,0
69924,0
59764,0
31066,0
10094,0
14859,2
71989,1
15322,0
23090,1
79836,0
61853,1
74573,1
68804,0
12108,2
7460,1
25930,0
69316,1
14040,0
69644,2
78732,0
33239,1
47173,0
24447,0
74410,0
57175,2
84215,0
45091,2
95255,3
73863,2
3487,2
11811,0
84225,0
64215,2
31160,3
57991,0
72681,0
72425,0
90482,1
26297,0
70887,0
78091,1
30829,0
79567,0
36,0
23973,0
19901,0
64943,0
21919,2
56931,0
30012,0
30515,0
65366,2
40883,0
58267,0
8626,0
4811,1
46853,0
43238,1
77369,0
52333,0
63518,0
35524,0
2522,3
4413,0
70531,0
17930,0
19113,0
48016,0
40520,1
74866,0
38669,0
5604,0
11317,0
42699,0
6967,0
1713,0
12650,0
37337,1
14533,0
20217,3
49048,0
83118,0
43027,0
70617,3
26260,0
12172,1
54923,0
38247,1
88670,0
51805,0
20367,0
66572,0
3711,0
72447,0
6882,0
99598,0
23251,0
84649,1
17117,0
57859,0
51349,0
75620,0
63193,0
15588,1
10901,0
10779,2
74695,0
91022,0
79246,0
45578,0
45438,0
50653,0
32973,0
87047,0
63450,0
55743,0
81596,0
75278,0
2684,0
28889,0
70402,0
64592,2
80957,0
22519,0
62647,1
21007,0
98068,0
3247,0
68044,0
38140,0
11723,2
12945,0
12525,0
77466,1
59092,3
61397,1
71892,1
63435,0
48299,2
79503,2
17644,1
27883,1
85594,0
86971,0
30170,1
50253,0
91319,2
23076,1
92380,0
65266,0
40560,0
28401,0
28249,1
23908,0
6522,0
17902,0
85309,0
24580,0
24568,0
60148,0
79091,0
66131,1
78006,2
98259,0
42622,3
42542,0
38611,1
80025,0
78400,0
18694,1
81409,0
74535,0
32714,0
39411,0
5231,0
18879,0
56633,2
51952,0
9591,0
48395,1
28021,0
55701,1
19401,0
68728,0
96130,2
34761,0
68295,0
54388,0
43575,2
18387,1
14766,1
41262,0
57802,1
80451,0
56735,1
34082,0
53801,0
13609,0
79949,0
63125,0
71059,0
65618,1
57914,0
30745,0
74540,0
20866,0
48282,3
87347,0
91801,1
22110,1
21645,2
88770,0
55230,1
54006,0
75677,1
93239,2
7453,0
55342,0
26709,0
74876,0
57744,3
77906,0
4993,0
70483,0
63160,0
4936,0
31398,0
69315,0
8614,0
42459,1
12793,0
83582,0
68572,0
85663,0
39486,0
76143,1
87510,1
89784,2
22668,0
94334,0
18985,0
66912,0
89176,2
25820,2
98551,2
29202,0
33129,0
82223,0
60884,0
38446,0
82062,0
43107,3
50919,3
24799,0
35841,1
82751,0
38522,1
17814,0
93395,2
10694,0
74199,1
81791,1
25951,0
69498,0
71148,0
18395,0
80754,0
34045,0
46342,0
24179,0
44268,0
57741,0
4559,0
36275,2
36973,2
32301,1
80519,1
50247,3
78876,0
35689,0
65558,0
4775,0
98975,0
2917,0
96215,2
312,0
10440,2
65173,0
7137,0
87264,2
36897,0
35909,0
60432,0
91463,0
27621,0
28850,0
59974,0
62327,0
25618,0
89163,0
37687,1
89883,0
90143,0
51910,0
53607,0
21499,0
71230,2
4007,0
28852,0
79071,0
10273,3
50489,1
41541,0
3661,0
74098,0
77049,3
30978,0
75156,0
2210,0
42732,0
69438,1
301,0
94880,0
14559,2
72727,0
3868,0
1991,0
43609,0
6932,0
89396,0
63088,0
19908,1
42205,0
95058,0
4584,0
36476,0
32039,0
36917,1
69605,0
22874,1
38911,0
2307,1
6567,0
23926,0
22207,0
79834,0
17992,1
51580,0
9112,0
38469,2
89075,0
19068,0
16796,1
77659,0
78201,0
7304,0
53139,1
9900,0
63203,0
11679,0
59156,0
82921,0
45872,0
6741,1
84045,1
99052,2
41941,0
92664,1
24958,0
25667,1
68087,0
95503,0
1917,0
42300,0
63876,0
47959,1
93886,0
40898,0
44044,0
53590,0
46138,1
99849,0
57930,0
45388,0
19760,0
1446,0
19483,0
13180,0
66224,1
82628,2
66707,0
36118,1
49128,0
2320,0
49840,2
56714,0
91378,0
26657,0
17474,0
76992,0
63258,0
91473,0
53691,1
7044,0
1104,2
60039,0
3170,0
57674,0
34083,0
77844,1
71745,1
81937,0
11437,0
18219,0
75749,1
67266,0
25454,0
83606,0
1829,2
56639,3
66300,1
73318,0
38660,0
69926,0
6981,1
68082,0
2155,1
73478,1
97885,1
42627,1
97508,1
94361,0
32135,0
58807,0
84302,0
49395,0
16154,0
7202,2
64456,2
1207,0
18323,0
26662,3
48126,0
56764,0
61150,0
95607,0
18863,0
3721,0
26901,0
4560,0
57745,1
30363,0
77528,0
5586,0
42638,0
30879,0
55438,1
38683,0
98230,1
16835,0
336,1
35815,0
67105,0
89207,0
35858,0
34285,0
69363,0
98676,0
85478,0
70044,1
85453,0
18338,0
10277,0
19305,0
84545,1
38837,1
36526,2
8569,0
19940,0
67981,2
30195,1
6465,0
7208,0
12969,0
23284,0
92173,0
80396,0
93669,0
56696,1
38383,0
35269,1
20299,1
21218,0
82079,2
5032,0
27027,2
36601,3
20472,2
72560,0
57487,1
99771,0
57903,0
39387,0
10833,0
46563,0
36052,0
68673,2
11531,1
94219,1
91205,0
18439,0
62550,1
49290,0
70485,0
11678,0
69878,0
10654,2
41251,0
63814,0
58231,0
48145,0
5350,0
9969,0
13714,0
18146,0
34244,0
23421,0
39911,1
46351,1
72768,0
38595,2
76673,0
47753,0
79378,0
17105,0
38118,0
74282,0
31250,0
38870,1
87970,2
52745,0
42863,0
8109,0
9326,0
50332,0
70446,0
24040,1
12354,0
31595,1
99492,0
35196,0
22418,3
77568,2
64339,2
85026,0
74032,0
71512,0
76834,1
24115,0
86712,2
80475,0
12615,3
80123,0
66146,0
53236,0
58247,0
98072,2
28119,0
61391,1
46007,1
56212,1
14101,0
34949,0
52084,0
91132,0
47714,0
89013,0
96437,0
65887,0
58052,1
55925,0
81049,0
79055,0
58094,3
80557,0
46503,0
71772,2
85220,0
4311,1
89845,1
74651,1
20784,0
87007,0
42108,1
82254,0
90148,0
57181,0
12458,0
51817,0
38263,0
34221,2
8897,1
39087,0
34217,0
20733,3
4603,0
39450,2
44067,1
57811,1
36828,0
89434,0
98808,0
72260,3
41981,0
75753,0
16344,0
58505,1
49689,1
95929,0
56976,0
92332,0
82463,2
28045,0
31472,0
45671,0
93453,1
47860,0
37398,0
89863,0
17841,0
59504,1
17256,0
20974,0
14644,0
73482,0
75557,0
55569,0
8961,0
34610,0
43898,0
56535,0
29645,2
96932,1
69958,0
65417,0
26412,0
73764,0
39226,1
42487,0
772,3
92564,0
79214,0
83795,1
31241,0
6268,0
71009,0
5479,0
43175,0
90078,1
33487,1
1398,0
5043,1
11200,1
41854,0
60883,1
90876,0
23272,0
12635,1
48184,0
37298,0
64792,0
28359,0
46801,0
44014,0
734,0
34290,2
58733,0
61099,0
10900,0
68204,0
16289,0
80905,1
59125,0
98027,1
11419,1
39433,0
94303,0
20307,1
44806,0
80623,3
86276,0
88403,0
10687,0
84469,0
86924,0
26690,2
84155,0
9299,0
68608,0
77748,1
60608,0
81664,1
64026,1
49410,0
71766,0
90545,1
69481,0
50205,2
34191,2
18014,3
43028,1
41423,2
95745,1
13260,0
16102,2
84384,0
76594,0
91992,3
53613,0
80420,1
96808,0
17702,0
70314,3
8824,1
37833,0
68960,2
75165,1
31939,0
65447,1
58021,0
45637,0
98159,0
41056,0
23938,0
97849,0
34357,0
96837,0
15339,1
81877,0
69380,1
72759,0
83367,0
61388,1
85116,0
15805,0
35936,0
9068,0
41620,0
14036,0
29789,1
54853,2
81336,0
16131,0
85660,0
50414,1
87824,2
64887,0
59778,0
62551,0
65464,0
74452,1
59531,0
52012,0
30674,0
62785,0
51189,1
54125,0
95439,0
19905,0
71842,1
35071,0
92235,0
26543,0
95262,0
11428,1
4093,0
45789,0
37102,0
87272,0
69626,1
87078,0
2714,3
21787,0
32190,0
87095,1
53961,0
93404,1
39672,2
68318,0
17148,0
22792,1
31183,1
7089,0
94093,2
86236,2
5681,1
693,0
22943,2
43817,0
48233,0
20581,0
42434,0
3502,0
95980,0
71511,0
78030,0
46102,0
74888,0
87564,0
21341,0
92351,0
94520,2
14636,0
16005,2
75491,0
36570,1
56007,0
69326,0
93336,0
51084,0
68264,0
99738,1
62278,1
31669,0
18709,3
76833,0
78302,0
55602,0
49903,0
55305,3
82958,0
3660,1
3835,0
68627,2
16120,0
23444,0
99283,0
75149,3
96769,1
17099,0
78521,0
31911,0
33449,1
40669,0
84,1
43708,1
80779,0
8915,1
72394,0
3870,0
55681,0
55865,0
80412,1
25434,2
89892,0
28326,0
23999,1
61280,1
97104,3
30531,1
48724,1
6953,1
43442,0
28248,1
15304,1
53744,0
15602,1
42987,0
59439,1
78200,0
57384,0
53209,1
74212,0
46354,1
69401,0
46900,2
71091,1
53467,3
5765,0
34356,0
49907,0
46895,0
28671,0
49769,0
63998,0
18277,2
39117,0
9340,0
29443,0
1648,0
40589,1
66779,0
67660,1
31308,0
21615,0
18034,1
51481,1
4122,0
96711,1
42445,0
22705,0
47197,0
41893,2
33219,2
90412,0
20302,0
19346,0
77087,1
61405,0
56005,0
76944,0
13573,2
47447,0
47122,1
28788,0
75543,0
5736,0
69123,0
22476,0
86661,0
7276,0
98868,0
41137,0
46882,1
26249,0
91804,0
15132,0
76164,0
50675,1
7160,0
37629,0
80256,0
98492,0
35302,1
52570,1
87966,3
52457,0
55316,1
3307,0
34848,1
18434,0
77345,0
89365,1
58413,1
46314,1
21321,0
89905,0
11384,2
5860,0
84172,0
67465,3
30189,0
78679,0
77267,0
737,3
3620,1
21635,0
47993,1
45354,0
23451,2
88962,0
58634,0
2127,2
95020,0
10778,0
88519,0
1331,1
58600,1
62422,0
41998,0
88253,0
51406,0
59375,0
71897,0
58920,0
9866,1
1701,3
81292,0
70878,0
92471,1
92068,0
38396,0
56537,2
77691,0
28711,0
631,0
6419,1
81774,0
45007,0
78294,0
87876,0
91774,0
11792,0
76457,0
40607,0
21468,0
51774,0
7936,0
27049,0
27648,3
6130,0
96840,1
79108,0
62554,0
81045,2
26702,0
9278,2
28237,0
38385,0
39344,0
57333,0
31124,0
50251,0
79501,1
90312,0
34081,2
31501,0
66086,0
20764,1
1429,1
68831,0
93607,0
2973,1
57553,2
17546,0
30309,0
81519,0
86184,0
34252,0
58699,0
23408,0
67828,0
69294,1
45837,1
36753,0
95526,1
55622,1
67829,0
10286,0
28059,0
48832,1
27553,0
19411,0
98591,0
50813,3
58563,0
30646,1
52647,0
79952,0
6553,0
54634,2
592,1
77305,0
47417,1
24378,0
95208,0
64702,0
19706,0
43128,1
9649,0
62460,0
39599,1
30040,1
51069,0
359,1
55180,1
69239,0
21682,1
19798,1
20487,0
13177,0
32069,0
62909,0
63165,1
77652,2
43248,1
5,1
77115,2
54635,0
53310,3
23697,3
23899,1
77796,1
75031,0
87536,0
27218,1
76873,3
71012,1
83282,0
36305,0
53937,0
50875,0
12353,0
58119,3
79418,1
31450,0
27439,0
40254,0
42519,1
81404,2
42325,0
73851,0
5244,3
61924,1
51835,0
72483,0
90650,2
86589,0
31120,0
95549,1
51397,1
89199,2
16235,1
58538,0
99759,3
9474,1
84383,1
60749,1
94398,0
71471,0
33176,0
8517,0
23831,0
76,1
87912,0
90637,0
73096,0
86852,0
22877,0
79650,0
46197,0
26199,1
46525,0
80041,0
64272,0
31194,0
99994,1
30626,2
57916,0
13822,0
94910,1
87318,0
49407,1
48293,1
63942,1
92541,0
86050,0
42776,0
13138,1
52474,0
54179,0
87847,0
3218,1
51839,0
99894,0
54920,0
95561,0
21356,0
16224,0
199,0
72856,0
60525,2
63327,0
65704,0
63734,1
62516,1
68780,3
81367,0
50282,2
31288,0
94542,1
4059,0
35839,0
7162,1
24709,2
57598,0
21768,0
78688,1
30127,0
70253,0
29287,0
38876,0
7506,0
9298,1
28368,0
6687,0
39207,1
47169,0
2233,0
46336,0
85752,1
17158,0
18068,0
55577,2
66527,1
46134,0
52044,0
51053,0
23895,0
61362,0
10157,3
55482,1
48451,3
27519,0
42409,0
3509,0
35370,2
50698,1
99662,0
28944,0
90118,0
44608,0
47273,0
64935,1
86781,0
49315,0
36840,0
50355,0
82384,0
20599,0
7022,2
43621,0
14756,1
97733,1
92295,2
85177,0
72702,0
4245,0
19472,0
82525,0
92345,3
45897,0
12538,0
63061,2
13559,0
45708,0
34989,0
87303,3
541,0
13278,0
2399,0
19538,0
18313,0
41844,1
95515,0
63768,0
54244,0
99696,0
96776,0
13652,0
11023,0
32215,0
84868,0
45117,1
70300,0
11608,0
96467,2
71050,0
78716,0
68894,0
24704,0
35131,0
63271,2
13782,0
7130,1
96440,0
28721,1
26012,0
58609,0
79409,0
48764,0
13954,2
8454,0
6865,0
418,0
30983,0
33427,0
53085,0
98742,0
28942,0
57866,0
88443,2
38134,0
73419,0
63701,1
47005,2
28961,0
90821,0
58345,2
5788,0
91535,0
92215,0
52063,1
1065,0
34409,1
3986,0
20055,0
10416,1
96762,0
61064,2
19605,0
3869,0
58003,0
14911,1
31449,3
63537,1
19245,0
79580,1
33662,0
39719,0
1123,0
39431,0
50689,0
8277,0
63941,0
89383,1
70292,1
85233,0
69753,2
76562,0
17344,0
31761,0
64173,0
70649,2
55473,1
95146,2
44850,1
74045,1
75786,1
3240,1
20378,3
97686,0
1689,0
29304,0
14999,3
36311,3
28679,0
37004,2
48797,0
62347,0
92176,0
92880,1
93860,0
80710,1
75522,0
26952,0
8821,0
24100,0
37688,2
95295,2
22596,0
15313,1
4733,0
78507,0
78220,0
9919,0
8178,0
50096,0
53847,2
76942,0
1600,0
51088,1
5945,0
4371,0
48253,0
30520,0
49730,0
28709,2
75358,0
30049,1
95568,0
88752,0
74413,0
35843,3
89392,0
79025,0
5125,0
34456,0
62067,0
27274,1
98497,0
11342,0
48356,1
61739,0
65333,0
36316,2
36877,0
26494,0
18947,0
56914,1
46377,1
12507,0
88334,0
15210,1
7050,0
9643,0
61018,0
78702,0
39569,0
82195,1
34588,1
77819,0
19004,0
91142,1
14063,0
1792,0
508,1
94717,0
5673,0
16701,0
44758,1
23098,1
4714,0
85290,1
90810,0
14309,0
45205,0
48557,1
1525,1
4020,1
1876,0
22072,0
55651,0
32682,0
51184,0
72096,1
73411,1
34464,0
58740,0
76730,0
75412,0
84425,0
96680,1
28219,2
60939,0
76212,0
3030,1
24459,0
65399,0
6898,0
12437,0
63323,1
56650,1
59805,1
99777,0
80997,3
24953,0
33780,0
42156,3
80703,0
31915,0
94074,1
99534,0
29090,0
89725,0
10527,0
11861,0
24834,0
95632,0
43829,2
70274,2
2552,0
84791,0
97792,0
16799,0
9980,1
50625,0
21726,0
2392,1
99650,0
43536,1
22971,0
9027,1
20731,1
7857,0
22785,0
91302,2
93975,0
15081,2
17938,1
96365,0
87805,0
90527,3
74806,0
10976,1
92535,0
42368,3
60649,3
72045,0
95483,1
6191,0
80238,0
12697,0
16694,0
78442,0
44170,0
56716,0
78747,2
88668,0
19584,0
16908,0
72892,0
89472,0
4040,0
90217,2
3558,2
69949,0
15818,0
82163,0
57082,1
86604,1
37121,0
69137,0
97402,1
45343,0
1403,3
45679,0
39160,1
90882,1
65373,1
21595,0
2945,1
66453,1
20527,1
15371,1
64508,0
38144,1
32697,1
87294,0
51077,0
53011,1
81338,0
99766,0
17315,2
91773,0
90757,1
4470,0
50606,0
45895,2
1921,1
82049,2
27775,0
60215,0
87675,1
28358,0
58284,0
63586,0
58522,0
90640,1
65445,0
92432,1
89103,0
55965,2
57798,3
67768,1
30447,0
51369,0
98337,1
9149,0
90063,0
13112,0
26357,0
14268,0
57812,1
95720,0
90311,0
98574,0
15015,0
95212,0
612,0
56125,1
45665,0
25172,0
1823,1
20664,0
31137,0
81043,1
44872,1
47913,1
6229,2
9238,0
15756,1
69602,1
69411,0
8099,2
94518,0
58570,0
43220,0
68353,1
74362,2
71960,0
77279,0
19713,0
7275,0
92255,0
42118,1
59812,0
27469,1
53604,0
12356,2
39659,2
64134,0
2499,0
13010,0
76350,0
93613,0
27518,0
98021,0
33184,0
78585,0
96686,0
56175,0
77403,2
10386,1
20199,0
96105,2
2011,1
2581,0
19490,3
43674,1
46554,0
72444,0
28213,2
51814,0
49785,0
70007,0
31184,0
75014,0
88343,0
12100,1
33405,0
13725,1
12854,0
15280,0
73066,2
21585,0
9117,0
29629,3
72218,0
3150,0
42651,0
61153,1
78181,0
76440,0
39966,0
27228,0
79335,1
41916,1
38674,0
46222,0
21759,0
532,0
36823,3
31986,0
95877,1
51187,0
90550,0
2576,0
57966,0
11871,0
56698,0
13723,1
31558,0
91265,0
37318,1
74324,1
97729,1
29499,0
98134,0
38042,0
63582,0
58985,0
13538,1
59832,0
28753,0
3624,1
82553,0
27364,2
90176,0
57871,0
26862,0
33508,0
46648,0
19592,1
24795,0
65515,0
60425,0
15995,1
98679,0
55528,0
95247,0
69297,0
16372,2
69140,0
28420,0
49975,0
66407,1
4006,0
38854,0
74455,0
36522,0
36320,0
53372,0
95229,1
10820,1
58945,3
46626,0
44186,0
7914,0
78539,0
73412,0
80365,3
49253,0
58460,0
1739,0
31732,0
1672,1
36523,2
23006,0
21588,2
75935,3
73501,0
36819,0
26084,0
54370,0
12075,0
71194,1
63875,2
48454,0
2481,0
2613,1
28776,0
27146,0
22507,0
81433,0
65799,1
26967,0
13605,1
60581,0
13934,1
96847,1
92922,0
20811,1
74078,1
62959,3
25898,1
32736,0
43517,0
69006,0
21767,0
4496,2
11742,0
59927,0
51651,0
567,0
85934,1
23050,3
49947,1
9462,2
3904,1
68026,0
82466,1
66625,0
94838,1
49997,0
49767,1
67533,1
44657,0
38577,0
44587,2
2168,0
4841,0
99028,0
21358,0
80687,0
94809,0
98738,0
75789,0
41913,1
22398,0
87019,0
16831,0
39762,0
98256,1
99661,0
13574,0
22390,0
81641,0
65925,3
49025,0
92955,0
28582,0
7282,0
40206,0
84119,0
19764,0
51339,2
51019,0
96941,0
7388,0
36903,0
35699,1
62013,0
69305,0
98172,0
89361,1
99732,0
58837,0
2478,0
37782,1
47775,0
30156,2
12125,0
81505,0
84403,0
43498,0
72640,0
4166,1
85856,1
97865,0
37864,0
11259,0
13482,0
80309,1
52806,1
53096,0
24653,2
47938,0
36650,0
15333,0
40376,0
26994,1
92624,0
99897,0
48235,0
88101,1
47627,0
15022,0
89285,1
95541,1
26518,0
16761,1
2798,0
60115,0
84663,0
46910,0
61142,2
16444,0
7915,3
19220,2
22979,1
38827,1
72340,0
4656,2
98583,0
26968,0
48295,0
804,0
73949,0
64738,0
11962,0
9414,0
97827,0
94601,1
52929,0
86260,0
31239,0
30593,0
2505,0
65323,1
18106,1
99053,0
54287,0
40536,0
60715,1
68483,0
87550,0
92728,0
46616,2
86774,0
92896,0
63522,0
35118,0
74747,0
34609,0
280,0
18420,0
83759,0
7723,1
67160,0
92723,1
90666,1
28231,3
99959,0
94558,0
91599,0
80101,0
1062,0
76892,1
96520,0
79533,0
17878,0
53767,0
4227,0
56516,0
18242,2
95049,0
55997,0
88165,0
35705,2
41468,0
77721,0
25603,0
96683,0
64273,0
19825,0
15815,1
58549,0
77375,3
69522,1
64075,0
29438,0
42076,0
42805,0
2324,1
50092,0
71076,0
20409,0
96963,0
81552,0
82006,2
58573,0
73827,0
3336,0
81194,1
58517,0
39040,0
70157,0
59430,0
2801,0
53041,0
217,3
44634,0
99963,1
54489,2
67250,1
33137,2
83057,0
15675,0
94427,1
61900,0
46075,0
3591,3
59402,1
99098,1
57160,0
78413,0
34237,0
69013,0
7572,0
36625,2
60726,0
25848,0
2717,2
6464,2
78168,0
43729,0
67308,1
31437,0
96483,0
69911,0
26756,0
77996,0
45886,0
23361,2
27783,2
58081,0
68127,0
61673,0
8807,0
67367,1
96052,0
66880,0
35941,0
25173,1
22895,0
19861,0
9470,1
51449,0
16148,0
54675,0
2366,0
19204,1
8150,2
85173,0
70494,0
16807,0
73638,2
11973,0
44489,0
67794,0
53148,0
95095,1
90952,0
4978,1
11955,3
85212,3
7076,0
49277,0
94716,0
28103,0
61009,0
61234,1
30705,0
13755,0
42128,0
98180,0
14625,0
77125,0
77479,1
69036,0
33140,0
25933,1
74701,0
54870,3
15455,0
68544,0
662,0
97036,0
28628,0
43009,0
49205,0
70662,2
99811,2
55730,2
97632,3
75186,0
90360,0
84581,3
30030,0
81642,0
195,0
25023,0
42413,0
96259,0
89896,2
68061,1
22138,0
57127,0
16326,1
31143,0
34385,0
53933,0
79379,1
9432,0
44332,0
18394,0
86044,3
98678,0
14120,1
42558,1
10073,0
95005,0
3895,1
64863,0
97634,0
3248,0
81948,0
74354,1
23541,0
1316,0
76406,0
64303,1
52825,1
9090,1
76777,0
44470,1
62576,0
24587,0
63706,1
15560,1
40652,0
5432,1
60840,0
44481,0
18006,0
33012,0
1360,0
9096,0
99268,0
63562,1
6335,0
44615,0
46465,0
20071,0
55636,0
36244,0
32954,0
35851,0
36022,0
78676,0
6411,0
83371,0
66038,1
64169,0
28158,1
45552,0
83936,0
23017,0
59051,1
53835,0
76230,0
72310,0
34766,0
76511,0
17515,0
30245,0
74122,1
88341,0
64038,2
48087,0
71427,0
50301,1
14580,0
66567,0
530,0
3223,1
50010,0
37933,1
34043,1
40576,0
30935,2
20682,1
70170,1
93113,0
88312,0
49734,1
25171,0
25819,0
22696,0
84732,0
10619,0
28135,0
4991,0
82711,0
69359,2
36646,1
23063,0
54896,0
40484,1
41328,2
50510,0
69702,1
10283,0
69814,0
71267,1
21292,0
69441,0
79192,0
28187,0
79042,2
8262,0
4338,1
19044,0
1341,0
53529,0
33739,0
66754,0
39958,1
41990,0
52300,2
31995,2
20952,2
59752,1
50161,0
59520,0
40753,0
94847,0
82214,0
25364,0
21124,0
14998,1
20729,1
83316,1
76307,1
26081,0
58525,0
90159,0
84550,1
82687,1
60727,0
81344,0
19735,1
15671,1
5436,1
38728,0
59045,0
51346,0
5530,0
21646,0
22257,0
55517,1
98475,1
78596,0
41099,1
3341,1
12214,0
90609,0
3573,0
86247,2
31770,0
78197,0
3101,0
33665,0
21690,0
28271,0
16373,1
91627,0
63099,3
82791,1
62743,0
35440,3
41921,0
54209,0
32564,2
60979,0
58846,0
20647,0
70584,3
80049,0
869,0
4704,1
80179,1
93879,0
72325,0
42080,0
56701,0
78490,0
93168,0
8601,0
95881,1
82348,0
88535,2
80661,0
58441,0
88242,0
86882,0
22075,0
54371,0
86425,1
8026,1
41156,0
98022,0
84420,1
91568,0
58248,0
46641,0
86849,1
97590,0
49022,0
23072,0
60932,0
5581,0
51927,0
84650,0
58365,0
40198,0
61056,0
23053,0
55881,0
87060,0
40852,2
72225,2
35039,0
34375,0
19080,1
93426,0
26099,0
97147,0
87333,0
10885,0
71033,0
21120,0
87453,0
14990,0
88442,3
19195,0
17574,0
29226,0
74127,2
97839,0
60716,0
63682,0
80467,0
93939,0
12435,3
75118,0
36964,0
78560,0
78823,0
64453,2
76725,0
45614,0
29309,0
17918,0
37863,0
5752,0
43510,0
56781,0
60187,0
64360,1
21803,0
88108,0
25681,1
42570,0
12339,0
73991,0
18493,1
9134,0
74228,0
61677,0
82743,0
73748,0
99401,1
71380,0
9556,1
15292,0
77216,3
73850,0
43657,0
17751,1
16924,0
14078,0
261,0
67091,0
83303,2
26341,2
11287,0
89352,2
9106,0
81960,0
22630,0
11426,0
93698,1
12072,0
82797,1
86564,0
78982,0
78822,0
22027,0
20293,0
16787,0
66571,3
42425,0
88728,0
49167,1
30632,0
86127,0
37401,0
23493,1
22053,0
3885,1
77873,0
71489,0
7680,0
72717,0
50611,3
44474,0
29400,0
64583,0
69906,2
21336,1
73204,0
67055,2
16624,2
33621,1
53115,0
33322,0
76384,0
84808,1
47355,0
92361,0
16225,0
57544,0
96515,0
96506,2
85755,1
61828,0
44008,1
18327,0
33538,0
45648,0
6811,0
46131,3
49515,2
82563,0
68712,0
38927,0
45128,0
42244,0
60856,2
40752,0
5938,2
32335,1
20940,0
68455,1
97830,1
54843,0
66123,2
89979,2
44760,0
55451,0
56680,1
78401,0
33952,0
64131,0
96319,0
72200,2
27304,0
35396,0
29429,0
34,0
83174,1
35565,0
53215,0
29999,1
3917,0
43986,0
66095,2
45659,0
83310,1
63883,0
1066,0
63731,0
27221,0
56550,3
83557,0
25831,0
64,3
68640,2
15541,0
92627,2
94904,0
86934,1
94553,3
53092,0
59913,0
19500,1
68118,0
54573,3
59078,0
36455,0
22392,2
20171,0
68411,1
33944,0
95218,2
2158,0
22278,2
87251,0
38024,0
89188,0
83435,1
65230,1
74661,1
9114,1
38905,0
81159,0
9831,0
32716,0
75957,0
5600,0
22595,0
2000,0
72390,2
610,0
31344,1
18001,0
80421,0
15168,0
26727,0
31614,0
73653,0
24337,0
72947,2
96503,0
64668,0
89869,2
17965,1
15278,0
72085,0
84979,0
9955,2
71551,0
35457,1
63402,0
93600,1
387,0
36206,0
97736,0
61256,0
29617,0
75356,3
48121,0
33947,2
30881,0
40458,1
4990,1
23783,0
7500,0
76431,0
40408,0
80769,0
62975,0
21388,2
41839,0
4381,0
34973,0
70474,0
69026,1
93468,1
44364,0
63842,0
96344,0
18241,0
95216,0
31538,0
58578,0
27919,2
22665,1
3779,0
15961,1
16586,1
10410,0
92259,0
14325,1
29840,1
81806,1
27626,1
81200,0
26584,0
65779,0
44668,1
22964,0
88051,0
8820,0
31774,1
33593,1
59929,3
69084,0
15864,0
72761,1
87826,0
84595,0
48064,1
40811,2
77917,0
60817,0
78242,1
62886,0
41928,2
58815,0
84367,0
74606,0
62777,0
93872,2
13780,0
44602,0
40828,0
13455,0
50866,1
7154,1
3259,0
85947,1
93588,1
31334,0
47459,0
96884,2
92199,1
78625,2
91646,1
65600,0
60933,0
1259,0
92356,0
18372,3
83447,0
33599,0
52445,1
65004,2
80427,3
21558,1
230,2
82402,0
66563,0
71479,0
53001,0
59534,1
47321,0
64570,2
35392,2
4069,0
70158,1
51202,1
83641,0
64720,0
19773,0
8418,0
96726,0
16770,0
55107,1
90699,0
6341,1
75003,0
29239,0
64917,0
15415,0
50358,0
20120,0
49506,0
45161,0
97078,0
50267,3
69108,0
80248,1
25410,1
63466,2
72715,0
73207,0
41363,1
52638,1
94514,0
23527,1
50984,0
88311,1
14248,0
24609,1
18900,1
70854,0
92148,0
40339,0
39708,1
22203,0
81212,0
90945,0
97616,1
90818,0
65132,0
73483,2
87033,0
8977,0
40932,0
2517,1
74931,0
54322,2
45828,0
1916,1
79473,0
30208,0
45831,0
40050,0
21205,0
40641,0
13072,0
64172,1
53914,0
28906,0
21274,0
61467,3
92772,1
82150,0
96179,0
38333,0
33874,1
69570,0
54763,1
4948,0
83066,0
6119,0
42410,0
33546,1
49874,1
83418,1
44201,0
13950,0
94938,0
50974,0
13753,0
2679,0
56581,0
46685,0
98630,0
50669,0
83292,1
12708,0
81823,0
83734,0
60713,1
11775,0
7616,0
32472,0
57466,2
52173,1
42771,3
17883,1
70010,0
54390,0
44930,2
20038,0
86662,0
99318,2
17089,1
10739,1
32921,1
76231,2
11545,0
73906,0
19202,0
17845,0
5317,3
66736,0
34729,1
86010,1
47081,0
40925,0
17372,1
5954,0
43726,0
66988,1
19009,1
98451,0
45963,1
43585,0
27604,1
54627,1
92175,0
38131,0
25844,2
55008,0
67317,0
43010,1
61965,0
27696,3
50665,1
8351,0
60624,0
25539,0
79689,0
13015,1
47222,0
84265,1
5415,0
46081,1
97054,2
13642,1
32331,0
32844,0
59481,1
1920,0
61833,1
12064,0
83111,0
98949,0
34284,0
8583,0
6036,0
21979,0
13465,0
45668,3
3097,3
69215,1
54706,0
17836,0
87252,0
87729,0
34760,0
80491,2
36475,0
72748,0
20357,0
57079,1
34227,0
73649,0
71087,0
7043,1
16259,1
50697,0
89991,0
37272,0
78167,1
89523,0
32800,0
46483,1
20164,2
14844,2
37294,0
19711,0
6607,0
67880,0
32348,0
30375,0
56565,0
25051,1
16830,0
62019,0
54965,1
32551,0
50787,0
36512,2
32767,0
70680,1
77008,0
93647,1
41241,0
94409,0
99878,1
53854,2
52775,1
57633,1
98985,0
30850,1
56842,0
89253,0
82665,0
57078,0
87877,0
17490,2
58625,2
62765,0
66943,1
55484,1
28290,1
60719,0
54966,0
84436,1
47701,3
70706,2
68809,0
92129,0
93630,1
44166,2
64761,0
16543,0
92580,0
44810,0
2680,2
44248,1
80483,1
65591,0
99403,2
77350,0
12407,0
64932,0
80735,0
41314,1
94412,0
11379,0
17143,1
33302,1
7392,0
92656,1
95113,0
31016,0
56372,1
22832,0
13288,2
83853,0
28556,0
5880,0
60675,0
78818,0
96672,0
65623,3
24737,0
2899,1
75517,3
8131,0
18750,1
30521,0
38627,0
67145,0
92834,0
5481,0
51836,1
32516,2
83204,0
2933,0
58506,0
58075,0
56490,0
4655,1
21023,0
88250,0
83801,0
7707,0
83726,0
96477,0
6356,0
36639,0
38165,0
33419,0
89009,2
17234,0
90272,2
76268,2
67051,0
17890,0
46881,0
38765,0
53078,0
4467,0
39362,0
3864,0
35175,0
62901,0
54416,1
10508,2
10223,1
92809,0
14398,2
33879,0
26687,2
95134,1
88185,0
77598,0
69801,1
75216,0
14984,0
32240,1
19991,1
51664,0
93544,0
98466,0
4052,0
91408,1
69547,0
65277,1
58452,2
51526,3
68808,1
98593,0
4630,0
72909,0
39272,1
50300,1
983,0
5853,0
57713,0
34302,0
94731,0
26166,1
21049,3
92888,0
67293,0
49182,0
64100,1
76203,2
72954,0
28453,1
86141,0
34230,1
44751,0
208,3
18413,3
15923,0
21438,2
7769,0
730,0
72927,0
94104,3
14305,0
1168,2
92877,0
2382,0
19154,0
68690,0
78791,0
82979,1
28740,0
20915,0
7694,3
92613,1
68911,0
72242,0
66691,0
33788,0
10100,0
15941,0
11849,0
78360,0
21484,0
21390,1
67682,0
28169,0
62224,0
62261,0
84006,0
1516,0
66904,1
20373,0
97204,0
40794,1
35487,0
60497,1
74966,1
54555,0
86684,0
71248,2
38818,0
63666,0
31505,0
8808,1
91885,1
39456,0
46645,0
32248,0
15548,0
29382,0
62907,1
20188,0
41972,0
88008,0
52128,2
72017,1
78674,2
79845,1
54118,0
9234,0
79956,0
18216,0
96277,1
2404,0
91561,0
31285,1
3392,0
77231,1
41209,2
65060,0
62544,2
33738,0
66600,1
56367,0
11816,1
25185,0
86673,0
44925,0
53088,1
36582,1
85483,0
68236,0
35403,0
68845,1
78015,0
95846,0
62795,0
80425,2
86090,0
97041,1
73628,0
40211,0
99582,0
44337,0
25810,0
74404,0
90495,0
41413,0
7320,2
50941,0
10585,0
81033,0
4571,0
6203,1
98501,0
7898,1
38504,0
57169,2
18030,2
34594,0
63484,0
81348,0
41874,1
33305,1
63423,1
6445,2
11916,1
66052,1
63676,0
41147,2
22307,1
27731,0
6654,0
6304,1
48646,0
71655,0
54349,0
43368,0
13225,3
47988,1
18138,2
5469,0
56750,3
77929,0
89219,0
51261,0
58497,0
97485,3
15881,0
62545,1
8043,0
53863,0
84585,0
23404,0
6804,0
76516,0
9573,1
50498,0
25025,1
32184,0
25438,0
24733,1
48479,0
66759,1
77594,0
28338,1
48917,0
47109,0
29393,1
42052,0
64019,0
94260,0
98697,0
20297,0
70510,0
16959,0
86002,0
27933,3
47032,1
77589,1
16076,0
95963,1
37458,0
26622,0
88373,0
70218,0
88125,0
34867,0
32829,0
23043,0
46303,0
82070,1
79536,0
95921,1
74963,1
39527,0
39239,2
76186,0
56114,0
64808,0
30908,2
33251,2
46956,0
95635,0
85738,0
77777,0
20753,0
52313,0
52141,1
59770,0
20089,0
62186,0
13565,0
68091,0
80824,0
75505,0
55672,0
71080,2
78417,0
25352,2
93167,0
10964,0
55509,1
61180,0
36580,3
45537,0
35204,0
55379,0
8534,0
2078,1
10950,1
30510,0
46805,0
31354,0
80796,2
13570,0
3654,0
62499,1
72391,0
78524,0
12154,0
86939,0
49542,1
4525,0
91236,0
77219,0
35241,0
31606,0
96962,3
60643,1
82449,0
45809,0
6821,0
64898,1
41525,0
37657,0
32542,0
10547,1
46379,0
57376,0
31023,0
43133,0
13381,0
9856,0
78411,1
90287,0
99147,0
46629,1
50116,0
24055,0
21828,0
21955,0
68243,0
49529,1
52590,0
22617,0
23467,0
69826,2
40450,0
1047,0
14484,0
67056,0
62690,1
5852,0
88543,2
12156,0
79386,1
33279,0
6928,0
24335,1
20750,0
55519,1
87971,0
42319,2
60221,0
38967,0
97113,0
32098,0
53627,1
13819,0
56315,0
32723,2
98268,0
786,0
29682,2
27418,0
35309,0
70252,0
51057,0
36831,2
33171,0
22111,2
35371,0
78642,1
36152,1
40002,0
42492,0
61475,0
97955,0
19123,0
20296,1
8987,1
98064,0
93953,3
80408,0
81001,0
80298,0
21946,0
70875,0
58766,1
86448,0
4353,0
16053,0
8440,0
79316,0
22636,0
34195,0
13007,1
74235,0
13995,0
63612,0
33110,1
4163,0
97818,0
68130,0
31948,0
1135,1
45134,0
55079,2
92403,0
74969,0
97754,1
44302,0
29671,2
17262,0
44443,0
72952,0
72099,0
83464,0
31373,0
56974,0
78478,0
97697,0
53864,0
24480,0
89282,0
48878,0
40379,0
89481,0
39954,0
62719,0
4639,0
13325,0
53846,0
51736,0
40802,0
982,0
33391,1
57840,1
80090,0
77095,0
6260,0
2072,0
72782,1
31901,0
13595,2
6868,1
52330,1
94969,0
54535,0
12414,0
13851,3
15008,1
93811,0
44922,0
96013,1
37720,0
23618,0
60128,2
57987,2
93413,1
4090,0
87239,0
30233,0
70849,0
23662,0
1433,1
15766,0
96984,1
43598,0
5058,0
50912,0
99445,0
97381,0
89230,1
56732,1
79273,0
23595,3
79800,1
29831,0
38362,0
11949,1
27850,0
29852,0
90127,2
26149,0
82637,0
11676,0
79494,0
17043,0
91752,2
20881,3
73777,1
20436,0
13237,0
50366,1
4130,0
65905,0
71780,0
67755,1
39987,0
12174,0
83517,0
22610,0
65131,0
51044,0
30038,0
55772,0
86523,0
77108,1
20786,1
34384,0
88961,0
14892,2
34627,0
77700,0
11904,0
43356,0
84189,2
20770,0
72271,0
57297,1
58199,0
86579,1
73455,0
18607,0
89720,0
48857,0
72371,0
2468,0
16059,0
39901,0
73648,0
30841,0
37716,2
89605,0
45729,0
22654,0
2248,0
69247,1
49320,1
67173,0
88444,1
83465,0
20947,0
47769,0
93712,0
47439,0
26752,0
94697,0
93011,0
96199,0
43903,2
20592,1
6407,0
96947,0
34183,2
26998,0
64052,0
53814,2
79486,0
58143,1
86789,0
74862,0
69335,0
80540,0
28549,3
50684,0
90307,1
61116,0
71455,3
86085,0
58909,2
28408,0
56159,0
39624,0
12224,0
47027,0
68575,0
60905,1
68830,0
57716,1
33605,0
61013,0
7494,0
57607,0
58879,0
70306,0
87390,0
52374,1
88876,1
63015,0
82487,0
78483,3
4610,1
51073,1
17429,0
57589,0
41897,0
65777,0
80603,0
24329,1
13628,0
52786,0
53876,0
45986,0
28497,0
15430,0
60929,0
34505,0
49426,1
89694,2
6748,1
75533,2
46507,0
58387,0
46679,2
36767,0
41995,0
53865,0
23342,0
44865,0
97220,0
52670,1
70028,0
21961,1
75294,0
35359,0
29496,0
45958,0
51527,0
8342,1
27639,0
88339,2
34018,0
81867,2
92836,2
88282,0
22607,0
61583,0
84920,1
75500,0
42521,2
73233,1
94417,1
15673,1
8857,0
67687,1
95169,0
89580,0
17963,0
23631,0
71860,0
63310,3
78731,0
10594,1
82666,0
47450,0
34125,3
27386,0
25772,0
84077,1
20957,2
63956,0
85559,0
89048,0
54609,0
19007,0
17126,0
74787,0
90521,3
76876,0
91637,0
30025,0
91856,0
49215,0
82188,0
1545,1
36798,2
5396,0
48338,2
24452,0
61951,0
99953,2
36215,0
30640,1
79253,0
52467,1
57366,1
33841,2
65174,0
62477,0
55175,2
17022,2
34483,2
99596,0
26094,3
29359,0
64152,0
33770,2
77484,1
30171,0
86876,1
73781,0
54013,3
56573,0
84877,0
74387,0
43584,0
23984,1
43326,0
38956,0
81892,0
52058,0
49008,0
88991,0
64629,0
31070,1
22288,0
7323,0
20488,0
89751,0
32383,2
17420,0
61637,0
47881,0
68691,0
91394,0
5258,3
69337,3
98886,3
40870,0
70223,0
9230,0
81833,2
79301,1
53782,0
88541,0
70608,0
41454,0
32260,1
52939,0
446,1
72763,0
62435,0
61817,0
33575,2
82064,0
83041,0
89839,1
38296,0
13009,0
55234,0
13564,0
36738,0
9050,0
9385,0
99566,0
80835,1
4791,0
98843,2
63145,0
19341,0
77103,3
9013,1
68626,0
54854,0
33750,0
40791,0
23371,0
89499,0
35161,0
96284,2
23935,0
53712,1
21031,1
48545,0
65575,0
29385,3
96294,0
13185,2
11007,0
79110,0
8577,0
64959,0
61824,0
62713,1
5760,1
38903,1
29124,0
5990,1
44377,0
92971,0
85627,0
22352,0
76767,3
9136,0
9897,3
90802,0
8888,0
75756,2
42886,0
61968,0
29545,0
70856,0
63673,0
61603,2
25464,3
99568,0
26740,2
39470,0
31691,0
25818,0
76125,0
70959,0
70045,0
1982,0
66631,1
54421,0
33650,1
27915,0
97836,2
11761,1
85834,0
10967,1
10657,0
52916,0
6569,1
61576,0
61208,1
23827,1
2014,0
93527,0
4680,3
57008,0
51692,1
15712,1
66501,0
34119,0
29025,0
34634,0
21309,1
21179,0
59034,0
78143,0
86615,0
92285,0
84518,1
73107,0
65699,0
2821,1
12325,0
12132,1
72786,1
65573,0
44995,0
25291,0
51842,1
25100,0
36737,0
20841,0
99001,0
25338,0
3968,0
43204,3
76950,1
90725,0
85141,1
78100,1
86165,0
83453,0
85645,1
55389,0
15472,1
70077,0
72706,3
1107,1
84251,0
35136,0
40504,0
10450,0
97214,1
68251,0
53456,0
9615,1
84805,0
58192,0
84824,3
20958,0
85411,0
1623,0
12239,0
44074,0
77885,0
99267,0
74310,0
81906,1
43389,0
27827,0
66200,0
46174,0
6332,0
69153,1
95213,0
95648,1
18451,1
73927,0
46509,1
57037,0
37726,0
72108,0
82662,0
33116,1
84326,1
73741,0
25489,2
96966,0
57188,0
8100,0
65733,1
97567,0
16750,1
31992,0
46861,0
93232,0
76568,1
98061,1
68009,0
36018,0
73193,0
87401,0
62366,1
18826,0
33858,1
82843,1
61212,0
80888,0
97762,0
39244,0
12091,0
55926,0
91903,0
99240,0
27884,0
35152,0
49560,0
55609,0
61449,0
88986,0
28893,0
99364,1
44342,0
9779,0
39215,3
47438,0
18499,2
88279,0
98770,3
91393,0
97223,0
85269,0
99799,1
2616,0
8681,0
82176,3
14834,0
6432,3
20844,0
1245,0
42605,0
78807,1
43784,0
29782,0
17199,0
40311,0
45903,2
80964,0
16811,0
88560,1
65878,0
17868,2
64091,0
24579,0
66976,0
32792,1
54112,2
96576,0
56665,0
98642,0
34654,0
51562,1
49470,0
72923,0
71868,1
29549,2
80886,1
35852,0
78257,1
345,0
48378,0
79206,0
45534,0
10998,0
20945,0
80565,0
2598,0
60717,1
30898,0
24081,0
23037,0
97128,0
99373,0
35616,2
81624,0
47941,0
13629,0
23673,0
44666,0
22155,0
5238,2
49601,1
4190,0
45119,0
8811,0
12889,0
88357,0
55445,0
85316,1
62072,0
86993,2
99707,1
49311,1
13764,2
58868,0
3765,1
22147,0
27067,2
87244,2
30003,0
9332,0
25204,0
81898,0
70738,1
71142,0
56195,2
58958,0
36838,1
5701,0
85915,1
50628,0
12873,0
87616,2
91209,0
20827,1
55195,1
73375,0
20937,0
26135,0
16072,1
84042,0
85912,2
13505,0
72251,0
58867,0
521,1
39501,0
44075,0
46189,0
17215,0
68940,0
22033,0
84259,2
50779,0
27781,0
42691,1
5499,0
90424,0
44473,1
760,0
24797,0
49133,0
38388,1
82461,0
8657,1
20232,1
24705,0
20883,0
7270,1
57038,1
22082,0
77105,1
26142,0
81546,0
61522,0
32027,0
19092,0
2767,0
64656,1
22661,0
11899,0
40251,0
45413,0
67425,1
84404,0
99044,0
96332,0
55615,0
39770,1
82957,0
32092,0
48603,0
62797,0
12097,0
56390,2
71130,0
5731,0
83730,0
13658,0
52451,0
67866,1
25532,1
95,0
73600,0
59259,0
80740,2
7457,0
88617,0
15700,0
49063,0
31349,1
66116,1
28129,1
46564,0
1081,0
91968,1
88362,2
54280,1
32537,0
20613,0
50882,1
92734,3
4722,0
27677,0
53312,1
94861,0
23969,2
88024,0
78983,1
3197,3
69176,1
67867,1
11549,0
62769,0
85365,0
80803,0
91743,2
72800,1
80385,2
20222,0
44182,0
87120,0
94322,0
96034,0
33121,0
8839,0
3279,1
26353,0
88901,1
95991,0
43955,0
11188,0
1760,1
3174,0
48009,1
45769,0
46268,1
51815,2
2910,0
47071,0
48271,1
69250,0
24759,0
78861,0
78151,0
76908,0
37060,1
45723,1
32283,0
17788,0
44784,0
83767,1
75243,0
12703,0
59894,0
848,0
54503,1
48864,0
30089,0
59508,0
63007,0
50103,0
16296,1
76742,0
63495,1
73997,1
51350,0
54580,2
11939,1
95293,1
46741,1
74960,0
79895,1
15963,0
59516,0
64825,0
7600,2
34735,0
60583,1
73922,0
12282,0
96097,2
67723,0
84091,0
84521,0
84890,0
62273,0
68833,0
32600,0
67897,1
56033,0
60916,0
5950,0
20868,0
33620,3
16227,0
1208,2
99981,0
10972,0
94868,0
21398,1
11915,0
84365,0
6976,1
25448,0
32618,0
43216,0
36334,1
37338,0
24023,0
88693,1
47819,0
62858,0
76965,1
72897,0
65425,0
37415,0
72466,0
20847,0
70811,0
75857,0
38746,1
62379,0
6834,0
53533,0
97355,0
21432,0
76739,0
36892,2
44833,0
49517,0
33329,0
84356,0
6690,0
95133,0
35032,1
12290,0
85010,1
70590,0
63655,0
71139,0
544,1
66365,0
82145,1
61488,2
10400,0
11774,0
64385,0
9830,0
49638,1
35846,0
91581,0
77228,2
68196,1
23959,0
14113,0
44292,1
20508,2
59732,0
39800,0
59858,0
55951,1
30591,0
72082,0
38749,0
4687,0
80605,0
97400,0
82368,1
29842,1
1901,0
41346,2
10568,0
66558,0
70603,0
37531,0
45329,0
59478,0
7594,0
992,0
59014,0
19746,0
25527,0
17695,0
40395,1
45448,0
77128,0
66348,1
78497,0
49441,1
51603,0
70507,0
38438,0
1852,1
96150,3
84033,2
40699,0
94897,0
69045,0
56712,0
16655,0
29439,1
94054,0
18672,0
68165,3
84111,1
52552,1
54343,1
63774,0
35818,1
54094,2
4295,2
16390,2
27885,0
71200,2
51063,0
66549,0
9452,2
62680,1
94187,0
68525,0
83183,0
32848,1
62753,0
56304,0
86933,0
26137,0
93002,0
38002,0
74313,0
88835,0
56359,0
72614,1
6082,0
6622,0
82900,0
51326,0
74385,0
43492,0
54526,0
74546,1
29765,0
22907,0
76303,2
42338,0
38154,3
32243,0
16744,0
85597,0
77909,0
30762,2
99803,0
54309,1
51733,0
31384,0
86987,0
98127,0
76132,0
61108,0
87889,0
89648,0
4085,0
97925,0
55053,0
67954,0
28899,2
9416,0
25913,0
26893,2
32012,2
31444,0
9064,0
61433,0
22280,0
89557,1
76941,0
35355,0
34803,1
32626,0
37620,0
80198,0
16871,0
41291,1
30350,0
72948,0
48045,0
41699,0
86748,0
9484,0
90297,0
47330,2
8001,0
98667,0
11920,1
99382,0
43642,0
98582,0
24402,0
96928,0
31321,1
21710,0
97099,1
39142,0
2368,0
6886,2
65566,1
25823,0
57723,0
31274,1
53004,2
27054,1
97052,3
14258,1
5081,0
7905,0
59445,0
74571,2
93720,0
3953,3
19878,0
26554,2
23129,0
40957,0
71462,0
91137,0
62105,2
40608,0
1827,0
90991,0
90301,0
65406,0
67350,1
45076,0
53301,0
31316,0
54592,0
5795,0
88525,3
44741,0
34623,0
73750,1
28077,0
66889,2
26924,0
27545,0
11684,0
69435,0
63216,2
65802,1
45955,0
32567,1
33800,0
60839,0
72789,1
7568,1
85656,0
79370,0
20582,0
75939,0
71406,0
41443,0
3393,0
89612,0
37482,0
80892,0
56666,0
47748,1
86000,0
91721,0
65932,0
19466,0
29324,0
49,0
18228,0
95940,0
30082,0
93241,1
92973,0
50054,0
77291,0
68240,0
88592,0
4310,1
12289,0
6605,1
79812,0
35920,1
69709,0
28344,0
57089,2
59480,0
67507,0
51120,2
26091,0
88700,0
38380,1
8194,0
44249,0
61194,0
38685,0
88496,0
29554,0
70346,1
33610,0
24538,0
22391,0
58902,0
7798,0
78605,0
72638,1
10317,0
78950,0
79816,0
64096,2
40133,0
13589,1
32672,1
74756,0
71787,1
10628,1
97583,0
62594,0
54303,0
74055,0
15363,1
3900,0
56056,1
80558,1
43551,0
71093,0
38343,1
84092,0
10209,0
10398,0
12222,0
90290,0
1183,2
42784,0
36748,0
98023,0
8291,1
41034,3
48497,0
46758,0
8684,0
62860,2
49435,1
50939,0
87455,0
81811,0
50345,1
80759,0
16646,0
48967,2
58562,0
31946,0
79222,0
75590,0
48647,0
97721,0
38035,0
49088,2
6309,0
13158,2
36259,0
12870,1
13513,0
85701,0
63735,0
4201,0
31530,0
65538,2
57161,0
32159,0
5285,1
58693,0
65275,0
66872,0
3780,1
10020,0
38910,0
24717,0
70056,0
82112,0
94131,0
46083,0
78040,0
26426,0
34349,0
59305,1
2637,0
75690,1
60773,0
73007,3
68392,2
6289,0
99184,0
65840,0
20843,1
61529,0
96090,0
31841,0
97803,0
7307,1
87642,0
9702,0
35351,0
84863,0
29977,0
9806,3
70383,0
87344,2
32641,0
84481,0
63605,0
54090,0
72548,0
4432,2
45400,0
61008,0
98394,0
57105,0
51029,0
89882,0
82668,0
11075,1
46922,0
95519,1
40640,0
6922,0
89460,0
62575,0
7635,0
70465,0
1945,0
93816,0
59575,3
87693,0
99629,1
54960,0
76830,0
63352,0
8907,2
62437,1
84197,1
78072,1
76158,0
34647,1
56283,0
74075,1
77875,0
1412,2
39817,0
6766,0
21003,1
13227,1
51114,1
31829,1
86834,0
25411,0
74553,3
24640,0
32663,0
67095,0
9438,0
49596,0
4997,1
19061,0
8133,2
22281,1
37086,0
19589,0
67722,1
5292,2
73576,0
35073,0
90986,1
91175,3
26328,1
48735,0
9308,0
89291,0
79383,0
9100,0
14777,0
20139,0
53134,0
93319,0
36587,1
87093,0
48000,0
26751,3
613,0
41497,1
75334,0
93037,0
11098,3
13321,0
18909,0
62967,1
83821,0
71608,1
43705,1
58769,0
24570,0
39055,0
27971,0
39558,0
20070,0
69223,0
14539,0
40893,0
41367,0
26539,0
28507,0
31466,0
25427,0
51072,0
55059,0
64646,0
12410,1
67664,0
49495,1
32378,1
16934,0
14696,1
52905,0
87904,0
84815,0
94426,1
45628,0
9201,0
28938,0
63421,1
27245,1
4323,0
28440,1
72104,3
48018,0
50343,0
83773,0
2269,1
91939,0
28057,0
53723,0
54434,2
83321,0
49338,0
56583,0
71473,0
91451,0
66226,0
84884,2
78966,0
99174,0
5437,0
78662,0
40038,0
98534,0
41814,0
89156,1
73635,0
62591,0
59364,0
44536,1
97206,0
86947,0
44811,0
50777,2
37358,0
74332,0
35585,1
19255,2
81260,0
47847,0
60684,0
29350,0
8674,2
89672,1
26120,0
90187,0
53543,0
4108,0
10719,0
96373,0
789,1
31790,1
5035,0
16082,0
94116,1
33180,2
18574,2
2053,0
42963,0
75845,0
26679,0
53700,0
47138,2
78869,0
43137,0
8972,0
39124,0
91923,0
85895,0
1499,1
26245,0
86422,3
52088,0
45572,0
89550,2
47884,0
94821,1
50001,0
78987,0
88490,0
78238,1
40306,0
31361,0
89838,0
59151,0
34102,0
45178,0
90804,2
18107,0
95470,2
48524,0
87848,1
73117,0
14910,0
9778,1
18046,0
82345,0
52924,0
11692,0
5175,0
23671,1
49283,0
90587,0
88551,0
80822,0
46003,0
67649,2
44112,2
86571,1
95211,3
3811,0
17862,0
83378,0
17692,0
57949,3
13219,2
55282,0
45374,0
49743,1
17757,1
9882,0
38077,0
70769,0
57223,0
42809,3
93992,0
1918,1
48343,0
67582,0
40453,1
40887,0
1375,2
47950,1
15209,0
45266,0
73540,0
73604,0
94700,2
9885,0
98238,0
71153,1
89640,0
85910,0
88950,0
69981,0
42426,0
59495,0
78561,0
37032,1
27854,1
21922,1
6982,0
12977,1
98338,0
42196,0
68282,2
88137,0
38357,0
92945,0
25589,0
21097,0
32943,1
4070,3
48634,0
87466,0
55009,2
75664,0
33674,0
11756,0
41495,0
9993,0
62003,0
35592,1
59084,0
20675,0
71292,0
62137,0
49444,0
82875,0
96222,0
29312,0
50268,0
89297,0
35303,0
54571,1
18021,0
90990,0
10307,1
73113,0
20652,0
76792,1
60285,0
56886,0
23420,0
97938,2
22858,0
18380,0
37455,0
20500,0
28192,2
4448,0
82907,0
81070,2
79443,0
60481,0
89099,0
1551,0
60057,0
60784,0
81375,0
12209,1
86287,1
81665,0
44982,2
35376,3
62036,0
13761,0
87767,0
5494,0
64440,1
75642,0
58404,1
51830,3
66492,0
59679,2
27137,0
16023,3
11746,0
87832,0
79404,0
63407,0
57007,0
35517,0
57023,0
49668,0
92147,0
39690,0
61394,0
17924,2
63561,0
37708,0
59027,0
72635,1
72652,1
42837,1
30525,0
69443,0
96082,2
73181,1
11281,1
32501,0
44139,0
31402,0
15199,0
83402,0
61863,1
52127,2
13777,0
11235,1
79480,0
3657,0
89349,0
93956,1
78752,1
99213,0
32094,0
74363,0
99294,0
98608,2
56255,0
55604,0
97748,0
18990,0
48382,0
48281,1
23902,1
35560,1
33746,0
68591,0
52296,0
98793,1
22084,1
66075,2
84615,1
40468,1
3776,1
40912,0
65534,0
14817,0
27192,0
78845,0
45790,2
26754,1
11827,0
65801,0
53622,2
17510,0
74757,3
93898,0
1939,0
26015,2
80114,0
96204,0
5487,2
33379,0
34564,1
2041,0
47716,1
56978,0
35750,0
60579,1
14097,0
19218,0
35997,0
21184,0
77556,1
91356,1
24730,0
57233,1
91725,0
60382,0
81540,0
29244,0
14985,1
95178,0
64705,2
55833,0
90431,0
57015,2
35480,0
43072,0
73792,3
84698,0
11,1
88889,1
84127,0
57763,0
45915,0
63547,1
18156,0
13187,0
3360,2
20168,1
29201,1
82295,0
57201,0
63658,0
92064,0
36140,2
70256,0
13531,0
84442,3
88299,0
80582,0
60201,0
32883,0
60014,0
93982,0
30361,0
42275,0
5818,0
3813,3
43440,0
24710,0
13722,0
99419,1
61334,0
88457,1
26996,0
75155,0
5005,1
19627,0
29753,0
30851,0
30175,2
37382,0
72617,1
69218,0
11133,0
96562,0
56342,0
73044,0
96513,0
46190,0
86476,0
44231,0
20225,1
19852,0
30344,0
89597,0
17409,2
91204,0
79125,3
45053,0
81456,0
31181,1
32368,1
90383,1
83446,1
63946,1
37819,0
35969,2
41890,0
50877,0
79320,0
26706,3
44438,2
56153,0
70629,1
53740,2
57003,0
80781,0
28499,0
78375,0
18263,3
26903,1
15416,0
37035,0
61144,0
97822,0
87085,0
44609,0
28394,0
47101,0
14161,0
35856,2
66173,0
76958,0
41530,0
24663,0
76001,0
67242,0
87688,2
55336,0
57712,1
58929,0
79857,1
54107,1
58707,2
6358,0
95194,1
89194,0
91073,0
70118,0
74437,3
93941,2
90938,0
40128,0
50893,2
89418,1
72747,0
43756,0
15104,0
85560,0
65904,1
89719,0
85684,0
17786,0
57853,0
758,1
48107,3
17984,0
6394,0
78037,0
26749,1
53152,0
34614,0
42538,0
16029,1
6297,0
90613,0
29814,1
27083,1
49160,0
37385,0
3445,2
53725,0
2251,0
62346,0
23418,0
43501,1
2385,0
60222,0
11833,0
37828,0
16090,1
37642,0
87981,0
88235,0
82083,0
53031,1
20512,0
85511,0
61588,2
77986,3
27118,0
44395,0
13876,0
17286,1
2288,0
60808,1
58662,0
484,1
55563,0
41496,0
21667,0
71901,0
11448,0
11147,1
25629,0
35539,0
38710,0
88453,0
5645,0
50802,0
91915,0
49970,1
14257,0
10951,0
98505,0
38309,0
46239,0
51973,1
68596,0
10379,2
77702,1
30263,0
84524,0
4553,0
16203,2
30124,0
61131,1
17498,0
65610,0
3605,1
73536,0
47514,1
80799,1
64666,0
73833,0
27801,0
45680,0
26345,0
73853,1
1629,0
47660,0
15088,0
6128,1
99536,0
80307,0
33392,0
9710,2
24896,0
96880,0
30603,0
22501,0
70552,0
97820,0
71031,0
54694,0
36538,1
63929,0
62779,0
89018,2
83880,0
70220,0
20837,0
33827,1
56745,2
6272,0
24976,0
28994,1
31243,0
87331,1
60083,0
21384,1
42976,1
23575,1
87498,0
32249,2
57393,0
45281,0
15235,0
39439,1
27091,0
94082,0
22567,0
17579,0
95044,0
83702,0
43117,0
7591,2
51235,0
62317,1
72573,0
88549,0
97024,1
1879,1
11480,0
37633,0
42577,1
59855,1
21354,1
88160,2
85718,0
57196,0
72883,1
51267,0
64392,0
16759,1
12522,0
88922,0
59838,1
19099,2
47867,1
21824,1
2929,0
47870,2
89218,0
48543,0
6990,0
41165,1
9418,0
77363,0
6440,0
94909,0
26077,0
69418,1
88075,1
92835,2
54514,0
39655,0
29085,1
54662,0
98284,0
39336,0
28414,0
32144,1
55642,0
21660,1
24214,0
22474,1
72081,0
75004,0
85939,1
30090,1
36479,2
36958,0
16866,0
69617,0
95645,0
14203,0
44900,0
77246,0
12752,0
16312,1
10024,1
93400,1
68472,0
18386,0
26755,0
49823,1
69763,2
11261,0
86884,0
84407,0
40278,0
34604,0
52631,0
83689,1
56739,0
83162,2
92705,0
18606,0
46630,0
28080,1
47651,1
19684,0
67368,1
609,0
94597,0
23466,0
95895,1
94505,0
4906,1
62934,0
53624,0
50018,0
23990,0
19013,0
10217,0
88715,1
69382,0
69748,1
27070,2
24527,0
557,0
33582,0
34736,0
85921,0
57126,0
69966,0
18687,0
78021,2
24097,0
7998,0
31591,2
94971,0
84949,1
39301,0
63600,0
47312,0
96301,0
51549,0
45254,0
54705,2
80960,0
6609,2
85650,0
87524,0
32032,3
84972,0
57906,0
69876,0
21253,0
94688,0
96922,1
27120,1
51712,0
79623,0
9678,0
33970,0
71644,2
12058,0
82881,0
38406,0
81682,0
90800,0
6173,3
72473,0
86289,0
83749,0
57818,2
50550,0
20625,0
95234,0
28309,0
91111,2
65078,0
81289,1
47144,0
29631,0
55401,1
83263,2
8063,1
39810,0
8617,1
33238,0
54307,0
99911,0
64271,0
60091,1
64550,0
1437,1
8050,0
31396,0
20908,1
96300,0
42408,0
29880,1
87742,0
15186,0
23126,0
96637,1
11626,0
55711,0
83977,1
97461,1
32316,0
91957,2
7303,1
89079,1
70407,1
16691,0
57779,0
69697,0
81796,1
19957,0
44689,0
43161,0
51231,0
60286,1
73718,3
62763,0
52460,1
56215,0
35149,0
68988,0
81786,0
13738,0
48578,2
58274,2
22969,2
9800,2
17329,0
51701,0
49004,1
26717,0
31567,1
64587,1
9967,0
68836,0
65576,2
13970,1
75754,2
43573,0
33604,3
39222,0
27873,0
44431,0
5671,0
59638,0
9148,0
90325,1
59470,0
72864,0
87164,0
87695,0
82446,3
6156,0
90172,2
75796,0
52554,2
36413,0
37918,0
636,0
5381,0
87589,1
57221,0
30347,0
88425,0
18808,0
5995,0
79727,1
14190,2
86576,0
15982,0
14136,0
37027,2
19499,0
80637,0
53831,0
64084,1
47736,0
21854,0
22990,3
99721,1
25993,0
74639,3
22664,0
68159,2
15945,0
58812,0
13425,0
30997,0
36168,0
80033,0
25944,0
26111,1
89186,0
25177,0
58897,0
59984,1
74665,0
20211,0
76905,0
84342,0
61627,0
26312,1
38194,1
62026,1
69251,1
37955,2
30950,0
72157,0
3437,0
91955,0
69791,0
27749,0
99612,0
8449,0
14853,0
60015,0
34612,0
47017,0
87685,0
34866,0
77997,2
76985,2
8716,0
50710,1
64715,1
41136,0
22509,0
24225,2
80833,0
28717,0
7100,0
77921,0
70230,1
71043,0
63991,0
51325,2
96318,0
4514,1
77678,0
76321,2
90506,0
72744,1
70106,0
78715,0
57588,0
59336,0
92120,0
27068,0
31563,1
68971,1
7875,3
17382,1
13247,0
87508,1
25531,0
78050,0
61039,3
62867,0
70514,1
57202,0
67377,0
45926,0
14502,0
83656,0
1307,1
56328,0
76940,0
48590,0
15374,0
52727,3
27133,0
41186,0
72972,0
70263,0
62295,0
95441,1
88867,3
83420,0
34969,0
8232,1
73499,0
30461,0
13804,0
65477,0
31197,0
24998,0
29188,0
12219,1
38971,0
92726,1
3519,0
47224,0
37728,0
91091,1
81976,0
76588,0
29321,0
31287,0
49268,0
80208,1
13019,3
94884,0
58264,0
10914,3
42335,0
66641,1
17442,0
30734,1
67928,0
41786,0
72651,2
87270,1
22105,0
25575,1
91238,0
79460,0
82482,2
98330,0
84031,0
40950,0
96353,2
33734,1
86961,0
11709,0
3192,0
82158,2
22767,0
47836,0
16605,3
2347,1
31050,1
56398,0
21731,0
22315,0
83928,0
58483,1
57874,0
5940,1
64213,0
16730,1
7541,0
6809,0
32631,1
16886,0
18892,0
15299,0
52876,0
60686,0
20138,0
86530,1
7838,0
38043,1
51522,0
59717,1
87533,0
71135,0
66030,1
47928,0
57114,0
71475,0
63132,1
12819,1
88994,0
12140,1
55367,0
21802,0
40921,0
81724,0
50962,0
71509,0
64769,0
75221,1
91949,0
2458,0
24789,1
54350,1
21994,1
20119,0
87726,0
56074,0
66838,0
68351,1
15272,0
15394,0
86310,1
61165,0
47677,0
49248,1
51576,0
61726,1
7429,0
10032,0
10086,1
85621,0
17370,0
65423,0
46280,0
15138,0
397,0
87724,0
1150,0
79749,0
31108,1
44688,0
11983,2
27361,1
87352,0
71983,0
77974,0
72374,0
84790,0
1788,0
43371,0
86089,2
31283,1
19814,0
20213,0
63406,0
34251,0
15694,0
8753,0
71219,0
80200,0
30062,0
91592,1
30187,0
68093,1
65719,1
99200,1
84833,0
99869,0
94360,1
97499,1
10159,0
65172,0
46338,0
61435,0
77076,0
33899,0
82268,0
97472,0
33898,0
18682,1
77968,0
44817,0
80832,0
18330,1
55447,1
19933,1
70553,0
91960,0
60008,0
77755,0
61236,0
26970,0
64837,0
76921,0
72813,1
48968,2
33832,0
46301,0
75452,1
28755,2
367,0
15326,0
99457,2
17874,0
97550,0
76497,1
86402,3
68247,0
32784,0
17558,0
52158,0
74753,0
52494,0
90900,2
13955,0
96601,3
74405,1
10185,2
57474,0
27555,0
1620,0
76969,0
45373,1
35422,0
47889,0
24316,0
71606,1
40081,2
99669,0
70664,0
52565,1
33360,0
1580,0
73916,0
12983,0
92743,0
86547,0
36108,1
83332,0
19091,1
92727,0
46897,2
56035,2
70577,1
41576,1
85853,1
10785,0
72950,0
61769,0
48265,1
70797,3
36898,0
30798,0
26230,0
40436,0
7399,0
33296,1
14180,1
18971,0
86477,0
20216,0
55263,2
21445,0
21780,0
79509,1
6184,1
4833,0
79588,1
30117,0
47518,0
47298,0
66735,0
58629,0
46079,0
1548,0
67453,1
95845,0
14590,0
16861,0
39271,0
71293,0
67952,0
97274,0
13504,2
1039,0
57939,0
69591,2
77042,0
56333,1
26379,1
21630,0
73859,1
34381,0
80918,0
43676,0
29728,0
2473,2
2997,0
86685,1
19449,1
12730,0
80560,0
67955,0
82898,1
53093,1
15556,0
70674,0
94035,2
83182,1
14750,2
40346,0
54049,1
6386,0
72633,0
20165,0
82604,0
56514,1
83380,0
41080,0
50894,2
55861,1
73923,1
77647,0
4221,0
53449,0
48761,1
72649,0
40567,0
28146,0
38116,2
77630,0
6840,1
44086,3
43290,1
99230,2
88731,0
46021,0
7985,0
57433,0
30275,0
76162,0
62973,0
39764,0
78422,0
16846,0
55527,0
82694,0
72970,0
79852,3
22701,0
19793,1
25630,1
19625,0
82719,0
47583,0
49040,0
88545,0
55193,2
81719,0
75759,0
44102,0
95063,1
63113,1
78851,0
43479,0
17785,1
33732,0
83672,0
53749,0
75052,0
42131,1
93454,2
63256,0
28529,2
68710,0
67725,2
27344,0
62023,1
38580,1
61217,1
28104,1
74538,0
93409,0
55169,0
78203,2
91285,0
65596,1
47955,1
3508,0
57909,0
44259,0
88467,0
95757,0
15178,3
38616,3
14824,1
86949,3
22650,0
60466,0
15895,0
74821,0
34386,0
29797,1
10053,1
75539,0
16143,0
77348,2
5902,1
58278,0
92511,1
17039,1
71041,0
78952,0
92277,0
63778,1
19211,0
64788,1
74223,0
25799,0
97253,0
79686,0
22461,0
81239,1
20858,1
60468,2
43215,1
87572,2
72796,3
21304,3
4789,1
22960,0
14227,0
84480,0
97158,1
44464,2
94550,0
55283,0
21413,0
64748,0
5128,3
80335,0
44278,0
21319,2
53037,0
10626,0
40735,0
62065,1
17297,0
28126,0
63860,0
32214,0
20645,1
25344,1
42925,3
22162,0
37675,0
53129,1
63480,0
6970,0
88682,1
70721,0
38342,3
4557,0
39736,3
19919,0
35092,0
26492,0
48439,0
63302,0
69745,0
26195,1
94825,0
67096,0
60255,0
52221,0
61272,0
69995,3
36649,0
85110,0
39490,1
60505,0
1013,0
82892,0
85925,0
38762,0
56415,0
65640,0
55949,0
69851,0
902,0
9459,1
44857,0
44488,1
66337,0
76288,1
24445,0
46547,0
97169,0
4216,0
58659,0
23793,0
54155,3
60517,0
68313,1
12302,2
25605,1
59069,0
74947,0
38005,0
35185,0
76802,1
26639,0
23491,0
84929,0
60598,1
86498,0
22258,2
81514,0
70725,0
99705,1
88706,0
66774,0
16140,0
56503,0
84216,0
49018,0
12226,0
4910,1
27033,2
85550,0
52065,1
38384,2
85754,2
26656,0
83045,2
80594,1
91203,1
45822,0
92997,0
86779,1
22239,0
26136,1
57509,0
50336,0
88124,1
87305,0
58613,0
77419,1
47088,2
33211,2
53832,0
74049,0
81721,0
29719,0
70439,0
25692,1
57408,0
43943,0
61072,0
54180,0
89417,0
59758,0
27384,0
19039,0
34941,0
70736,0
94359,0
97162,1
25114,0
89379,0
33025,1
76375,0
62942,1
96128,0
86901,0
14599,0
470,0
26386,1
62646,0
81384,0
53216,0
61339,0
33340,0
17932,0
72582,2
7140,3
42726,0
36336,1
93864,0
65467,0
82053,0
55088,0
258,0
24856,1
73373,0
79754,0
30326,0
87055,0
10155,0
64412,1
57439,0
82193,0
82408,0
58520,0
38530,1
32963,0
47770,0
66906,1
88674,1
98198,0
58113,1
66289,0
85226,0
47763,3
97476,0
6798,0
52906,0
57732,1
64589,0
53289,0
95944,0
61426,1
6859,0
3700,1
57858,0
8036,1
39467,1
94807,0
6706,0
39612,0
2383,1
30401,0
43723,0
31418,0
21174,0
19488,2
65616,0
68224,0
32162,0
30108,0
98008,0
53827,1
33306,0
23323,0
76694,0
77623,0
11407,1
98780,0
37429,1
32147,1
16497,0
81360,1
28516,3
44357,1
48609,2
36151,3
47317,0
93722,1
42264,0
48010,0
8999,0
77020,0
85481,0
55371,1
25948,1
30582,0
43594,1
20496,0
58561,0
36054,0
91327,1
65388,0
27420,2
47783,3
29306,0
39962,1
20389,0
4640,0
66008,0
25510,0
14518,0
9392,0
63520,0
97798,0
17691,0
62324,1
50189,0
40766,2
70137,2
77530,1
29932,0
42514,0
67885,0
66254,0
59837,0
19872,0
28097,0
21871,3
41048,1
31394,0
95122,0
71386,0
91127,2
49783,1
48923,0
89790,0
54072,0
37643,0
24159,0
93347,0
19006,1
94034,1
54345,2
44147,3
89408,2
15241,1
24403,0
88058,1
68121,2
35363,0
55524,0
82982,0
76804,0
16091,0
38920,1
68496,0
96429,0
29305,0
61718,0
13967,0
67062,1
15797,2
87569,1
38320,1
16664,0
32611,2
53446,1
67555,1
80013,0
42181,0
46719,0
42803,0
32908,0
69792,2
38607,1
204,0
64349,0
41623,1
28294,0
41612,0
11974,0
24887,0
50548,0
56061,0
14847,2
50124,1
14076,0
24784,2
49359,3
22774,0
6044,0
47778,0
36103,0
7804,0
79920,2
21485,0
70524,2
37776,1
77792,1
87799,0
96216,1
42293,0
56366,0
89555,0
83201,2
61702,0
85145,0
13508,1
62284,0
18692,0
42258,0
9594,1
95461,0
26972,1
27066,0
2705,0
16598,0
82272,0
20610,0
13626,0
46321,0
80197,0
57316,0
6610,0
49994,1
76373,0
30565,1
45444,0
64844,0
60344,0
95723,3
12360,0
50729,0
61849,0
62128,0
36807,1
85579,0
83097,0
90798,0
94447,2
73662,0
2020,0
77019,0
57304,0
44058,1
641,0
81060,1
11222,2
56427,0
69204,0
3045,0
25594,1
14553,0
70660,0
92025,0
55351,0
79204,0
35790,1
52928,0
78587,0
54578,0
60135,0
51141,1
24387,1
89688,0
68760,0
51593,0
72664,0
26760,0
80437,0
80390,0
58664,1
82965,0
78547,0
11323,0
6378,0
7736,0
76314,1
7232,0
88003,0
10096,0
34586,0
45774,1
86990,1
81799,0
97968,2
97240,0
60611,1
95271,0
85721,0
43993,3
41602,0
95230,0
26636,0
85803,0
26347,1
99861,0
39862,0
80821,2
37929,1
3384,0
47416,0
17901,0
62560,1
17717,1
7317,0
66667,0
46663,0
24260,0
6053,0
90970,0
30327,3
37897,2
68106,0
58124,0
65450,0
24513,0
98617,1
50041,0
7561,0
96214,1
80047,2
95487,0
65443,0
83770,2
54684,0
64470,3
88011,0
93279,0
883,0
14529,0
29213,2
80615,1
23727,0
37422,0
10388,1
76043,0
5787,0
8994,1
69621,0
65268,0
17196,0
81425,0
32617,0
16182,0
94230,0
43526,0
50559,0
13390,0
54974,0
50047,1
22071,0
60396,2
78890,0
34308,2
40812,2
26596,0
51322,0
61050,0
43690,0
51595,0
42677,0
91294,2
42941,0
67390,2
99046,0
33479,0
94285,0
59169,1
71206,0
54837,1
96772,0
72778,0
77505,0
70421,0
13648,0
12401,0
40985,0
72113,0
85204,1
21377,0
49951,0
81377,0
60467,1
68703,2
78071,0
29137,0
30321,0
91812,0
61539,1
42891,0
81357,0
34783,0
86304,0
79161,1
21611,0
27591,0
38302,0
67588,1
96610,0
11810,0
12866,1
46887,0
33681,0
4269,1
19225,1
48426,0
8512,0
15826,2
74655,2
65033,0
43890,0
34980,1
6517,2
19710,0
87053,0
14240,0
48290,0
89686,1
80816,0
64417,2
4968,2
82738,0
45553,0
56789,1
80183,0
62664,0
94158,3
42106,0
96408,0
58304,2
38546,1
69515,3
43070,0
31125,0
47782,0
33562,1
89113,0
139,0
3267,2
48759,0
94111,0
90388,0
51961,0
43150,1
61424,0
79085,0
62489,0
60194,0
56983,0
84985,0
27231,2
47756,1
71290,2
99834,0
76572,0
38585,1
11980,2
60392,0
9095,0
7013,1
2333,1
3832,0
11747,0
97377,0
9163,0
37667,0
34156,0
35209,1
11638,0
5951,2
82357,0
69235,1
92791,0
55742,1
71271,0
159,0
58256,0
66376,0
35291,0
34144,0
24458,1
87490,0
93810,1
98722,1
24798,0
86542,0
45528,1
37658,0
10338,1
21221,0
62864,0
72290,0
1404,0
46778,1
13922,0
38044,0
30034,0
1847,1
98855,0
19977,0
99525,0
29484,0
77733,0
16982,0
3054,1
36102,1
62902,1
64572,0
21951,1
58151,2
84397,0
41422,3
29250,1
50364,0
49079,0
9631,0
14032,0
9266,0
72642,0
68227,0
21331,1
4875,0
89656,3
90348,1
42871,1
15911,0
70808,1
96682,0
4346,0
13630,0
3747,1
43384,0
88049,0
81959,1
46578,3
31381,1
46443,1
38841,0
52597,0
87171,0
46930,1
97983,1
46702,1
16464,0
5665,0
24151,0
71558,0
53672,0
26806,1
6114,1
64163,3
31880,3
4879,0
19995,0
29812,1
31633,0
52240,1
3496,3
55875,0
64233,2
56139,0
59377,0
8989,2
6296,1
88675,0
75646,0
41769,1
27165,0
61376,0
87869,3
26834,0
87672,0
93785,1
87198,0
44631,0
88506,0
53789,1
94583,1
18273,0
10391,2
43195,1
52389,0
39756,0
16839,1
93068,0
28331,0
37255,0
39933,0
77137,0
9737,0
40341,2
42602,0
83059,1
62574,0
60947,0
6097,0
22646,1
1401,0
16196,0
1395,1
63983,1
57094,0
66292,0
33335,2
166,2
93809,0
18894,0
39635,0
81571,0
78811,2
70803,1
1367,0
32053,0
46999,0
70083,0
40535,0
77809,0
16726,0
28255,0
58734,0
57663,0
21014,0
31681,0
14081,0
69623,1
44178,0
2466,0
6004,0
40955,0
52148,0
90590,1
43515,0
63973,1
15751,0
77107,0
48306,0
18008,0
17635,0
56563,0
79236,0
33901,0
57476,0
51216,1
39400,2
93904,0
72185,0
35022,0
85404,0
23447,2
65206,0
64657,0
93687,3
12393,0
1747,0
20082,2
81953,0
32109,0
56034,1
82977,0
2338,1
34242,0
6057,0
36710,0
72389,1
75247,0
19268,3
36343,0
27116,3
93312,0
37739,2
87208,0
76570,1
81885,0
91443,1
68886,1
88396,0
74561,1
42114,0
88999,0
76563,1
21394,0
56000,0
66093,0
60863,1
53377,1
51967,0
54116,1
10378,0
74197,0
82625,0
22863,0
83300,0
4676,0
63198,1
11253,0
3581,1
25453,0
49789,0
52381,0
4288,0
12465,0
33903,0
36279,0
86984,0
50949,1
12272,0
20766,0
1293,0
49391,1
96804,0
46363,2
73261,1
70082,0
90837,1
18986,2
63635,0
63147,1
86808,0
56441,1
28978,0
9570,0
86423,0
31717,1
61493,3
25015,0
64828,0
71308,0
73845,2
55709,0
70050,2
5907,0
39973,1
88701,0
88153,0
99231,0
5562,0
65891,1
21281,0
75296,2
13575,1
47956,0
70704,0
73523,0
74101,0
23064,0
56652,3
9627,0
79987,0
49965,0
18269,0
90944,0
62114,0
80361,0
54147,0
58690,0
34808,1
73987,0
553,0
13359,1
4624,0
64191,1
41066,0
69022,0
36769,0
48804,2
66861,0
95913,1
98927,0
35737,0
54719,0
20151,0
4172,3
61273,1
10931,0
7889,0
32540,2
50022,0
35077,2
17589,0
55372,1
85552,0
16071,0
31741,0
3319,0
90857,2
3367,2
653,0
69283,0
26523,0
93757,1
85561,0
47814,2
28253,0
61262,0
55941,0
74171,0
32079,0
87275,1
62127,2
10904,1
7955,0
88509,0
18924,1
68219,0
97855,0
4812,0
39067,0
59635,1
73328,0
49452,0
6761,3
24420,1
20482,0
67628,1
71365,3
41453,0
1932,1
64037,1
84764,0
48948,0
73526,1
11758,0
62754,0
89652,1
69504,1
93551,0
90677,2
11736,0
22074,0
54743,0
95898,0
29194,0
50312,2
78942,0
78371,0
58963,0
75545,0
8615,0
29723,0
56172,1
96473,0
20989,0
85377,1
45739,0
42788,1
11574,0
61665,0
78113,1
16223,0
22663,0
2044,0
58230,2
32262,2
42367,2
5158,0
24961,2
30497,0
22860,0
76434,0
28673,2
25612,0
26145,0
79119,0
63201,0
75469,0
42509,0
4877,1
93906,0
84224,1
8527,0
22101,0
62447,0
3015,1
90721,0
8279,0
21392,0
93928,0
13664,0
70971,0
2380,1
43378,3
43428,0
58371,0
37341,0
84563,0
15574,2
46624,2
51502,2
91130,0
12859,1
81274,0
35849,0
65607,2
1236,1
63747,0
89658,1
57051,0
29374,0
76059,0
48783,0
64971,3
6490,1
89823,0
46874,0
88333,0
83828,2
49516,2
52264,0
26828,1
43352,2
21216,0
92007,0
58547,0
29924,1
97823,0
53522,0
72022,0
65393,0
89249,2
46806,1
40944,1
20137,0
63862,0
34096,0
22309,0
80182,2
85908,0
6085,0
42395,0
27692,0
4148,0
11669,0
49671,0
10555,0
94258,0
60708,0
83580,0
18912,0
24090,2
47638,0
41463,1
34127,0
99654,0
92036,0
25235,1
87011,0
19315,0
25748,0
90051,0
52593,2
10451,0
37064,2
69523,0
82362,2
32769,1
23678,0
73264,1
73400,2
88938,0
2944,0
35317,1
11571,1
83432,0
86230,0
81783,0
31374,3
9283,1
60314,0
76126,2
21153,0
36932,0
52954,0
78990,0
45488,0
60065,0
70149,1
13879,0
77280,1
5216,2
543,0
88136,2
42316,0
29339,0
81366,1
81388,1
5039,0
85611,0
12491,0
61641,1
55043,0
98260,0
38906,1
97347,1
73172,0
193,0
36729,0
13857,0
78684,2
23726,0
25472,0
52299,0
49051,0
30538,0
71962,0
19676,0
32072,0
34531,0
18167,1
31930,3
34696,0
1741,1
45825,0
64493,0
79893,0
64970,0
43979,0
55749,0
70831,0
43496,0
64636,1
8106,0
43247,1
8202,1
53606,1
82950,0
71333,0
25738,1
48754,3
42586,0
56111,0
46765,0
34734,0
98970,0
96059,0
20144,0
36321,0
78455,0
98842,0
63551,0
59718,1
33726,0
56539,0
37222,1
58962,0
71302,1
90639,0
43493,1
35651,0
51045,1
75229,0
11217,0
59464,0
99522,0
88452,0
8508,0
48786,0
45345,0
73817,0
22161,0
24589,0
74028,1
48448,1
90271,0
96274,0
48449,0
61568,0
78764,1
70104,0
45226,0
13962,0
31031,0
47076,1
5237,3
11646,0
21603,1
15842,0
54063,0
61227,0
59277,2
9976,2
81942,0
83048,0
18270,1
66253,0
26802,0
45976,0
13861,2
98473,0
61434,0
72566,0
34793,0
90232,0
96551,0
56426,0
34258,0
78068,0
32068,1
52106,0
29051,0
27024,3
5342,1
60566,0
94531,2
62169,0
73498,0
13779,0
21151,0
59255,0
41517,3
31769,0
70990,2
70986,0
56884,0
33664,0
59408,0
67303,0
27041,0
95650,0
39976,2
933,1
58378,0
60327,0
68855,0
24009,0
32951,0
5796,2
85812,0
69333,0
45786,0
99728,1
98924,0
60232,0
49832,0
48105,0
36444,1
54377,0
58715,1
64424,1
82007,0
94332,2
68338,3
20202,0
71945,0
38769,0
47975,0
76371,0
97453,1
8864,0
5884,0
76149,1
44583,0
32574,0
11847,0
71356,0
25135,0
22901,0
10494,1
10148,0
84236,1
53306,0
17162,0
5669,1
95674,1
1714,0
53481,0
86499,0
58312,0
75275,0
58280,1
53458,0
98627,0
17907,0
38553,0
13420,0
45322,0
88903,1
96892,0
17222,2
98716,0
70830,0
15206,0
69620,0
36888,0
63740,0
88710,0
86733,1
23020,0
89109,0
9814,1
22046,0
66978,0
30714,1
19359,0
70657,0
3820,1
6189,0
49233,0
13694,2
368,0
53472,0
40519,0
3826,0
30315,0
21528,0
56747,2
57702,1
93533,0
93745,0
50763,0
32980,0
77007,0
57322,1
12114,1
68924,1
64549,0
78156,0
1423,0
79966,0
66846,1
44613,0
57526,0
93059,1
59325,0
59416,0
8130,0
9105,0
84125,0
65427,0
56444,0
14555,0
77629,2
63167,1
29104,0
16852,0
58758,0
17855,0
19744,0
89998,3
28446,3
52687,0
56493,1
41750,0
3492,0
42678,0
63379,0
43611,0
83433,0
64912,0
55330,1
90174,1
82842,0
11585,0
4184,0
39282,0
89301,0
75064,0
7018,0
53536,0
16129,0
56030,1
62046,0
51523,0
20009,0
67021,0
79682,3
74386,0
76076,0
59659,0
12417,0
39279,0
23937,0
69116,0
89627,1
41952,0
35361,0
19519,1
99605,3
14548,0
58226,0
32498,0
93178,0
42789,0
32379,0
1255,2
33540,0
90709,0
84443,0
79200,0
38526,0
16603,1
24682,0
13536,0
71616,0
62983,1
94243,1
62874,0
12837,0
11425,3
14038,0
64294,0
1972,0
72928,0
58606,0
40781,0
67795,0
49343,1
19462,2
6210,0
42234,0
23536,0
97266,0
59786,0
51233,2
83765,1
3370,0
41349,3
54282,0
6160,1
91513,1
78397,1
43370,0
36392,1
4414,0
11821,2
70709,0
29666,0
25896,0
56710,1
86645,0
64307,1
19448,0
85135,0
97714,2
9861,1
66975,0
42875,0
6819,0
25753,0
74254,0
25240,0
15162,1
32764,2
45493,2
72537,1
14758,0
43803,1
28121,0
76432,0
11335,0
19168,0
49443,2
39785,0
56575,1
40013,0
18165,1
83687,2
13022,0
24796,0
19681,0
93662,1
94992,3
49244,0
71784,0
19253,0
9386,0
81183,0
80074,3
69129,0
52450,0
7407,2
24546,0
79278,0
44304,2
84245,1
22671,0
56275,1
35133,0
91941,0
18023,0
53466,0
743,0
97635,2
51776,0
64150,0
86818,3
7535,1
91250,1
84700,0
57962,0
27053,0
23350,0
4635,0
68955,0
3730,1
68164,0
96741,0
98407,0
54591,0
53991,0
17988,0
41215,0
93976,2
70907,0
5042,0
14822,0
71689,0
83706,0
34336,0
53344,0
64584,0
38873,0
1029,0
5182,0
37542,0
97512,0
76040,0
73631,0
22931,3
20445,1
89385,0
92161,1
84734,0
19089,1
40586,0
75575,0
54929,0
66833,0
18691,0
23434,0
99755,0
56990,3
2191,1
25062,1
74916,1
52666,1
14681,0
19530,0
85830,0
75126,0
94811,0
10548,0
46929,1
89015,0
44993,0
21798,0
80879,0
69863,1
87776,0
27935,0
57996,0
46620,1
28623,0
15788,0
45307,0
24847,0
59665,0
19847,0
68439,0
34790,1
70791,0
94244,0
3606,0
30807,1
28895,0
56438,0
30106,1
13241,0
44276,0
16922,0
39921,0
39201,0
20440,0
81651,1
97165,3
40496,0
64404,1
38286,0
72111,2
21761,1
87689,0
63255,0
74120,0
38648,0
41911,0
73314,0
91686,0
67680,1
63335,3
35076,0
16675,1
27629,0
18766,0
60167,1
32096,0
19662,0
5190,0
64888,1
51721,0
94098,0
29829,0
44901,0
40882,0
99609,0
27199,0
25261,0
53577,3
16560,0
47471,2
94848,3
12607,0
75781,0
98896,0
76112,0
62812,0
46008,0
99025,0
3144,0
75737,0
40171,0
30624,0
92357,0
10362,3
98692,1
55731,0
61250,0
11853,1
34996,1
40594,0
32947,0
45472,0
88895,0
76887,0
89852,1
8851,1
44906,0
65498,2
59,3
80042,2
91262,0
54177,0
43576,2
14249,0
27693,0
81464,0
68142,0
21684,1
53133,1
17854,0
45795,0
69714,0
64703,2
64974,1
41197,0
14323,0
94841,1
6026,2
47214,0
50502,0
53308,0
64199,0
73288,3
25233,0
3618,3
93140,0
17281,1
85998,0
82697,0
74340,0
18716,0
90171,0
6579,1
36971,2
27151,0
29417,0
23674,0
43615,0
38917,0
78627,0
22173,0
51022,0
96139,0
48955,0
73022,0
17961,3
95347,0
68102,0
92863,0
93200,0
73678,0
6697,0
95981,3
8360,0
80760,0
29408,0
96956,0
68899,2
17077,0
56422,1
40797,1
77947,2
18727,1
80187,1
9041,1
72024,0
67869,1
14333,0
47921,0
72161,0
71829,1
78958,0
87020,0
68124,0
54547,2
17428,1
2130,1
47334,0
76330,0
78447,0
64217,1
73896,0
26556,2
28887,0
41514,1
42022,2
26007,0
63121,0
28630,0
91055,3
18847,0
75866,0
30583,2
49672,1
12479,2
97051,0
51376,1
76430,1
27690,3
33334,1
57678,0
63647,0
39829,1
18433,1
58695,0
71820,0
38830,0
25988,0
930,1
50070,3
66566,0
89150,0
73299,1
13591,0
89052,1
92436,3
84330,2
16139,0
35017,1
99839,1
41132,0
39757,0
46191,1
52470,0
88155,1
17441,1
24477,1
78485,2
16573,2
68684,0
35531,0
85643,0
4707,0
83357,1
6199,0
74638,0
36201,1
4022,0
33461,0
89118,0
76295,0
75351,1
78076,0
64486,1
92525,1
72484,1
40707,0
49808,0
28833,0
59168,0
617,0
83665,0
26060,0
98918,0
64396,0
38021,1
50415,0
35293,0
6218,1
68849,2
66005,0
2108,0
18664,0
27153,1
63133,0
99622,1
74317,0
80529,0
79921,0
78029,3
11752,0
13931,0
26274,1
9265,0
49784,0
86449,0
23885,0
23742,0
52311,3
58778,0
26483,0
53870,0
98564,0
64877,0
3056,1
2437,0
68754,0
13343,1
27084,1
5056,0
77879,0
27947,0
9232,0
2102,0
13239,1
68600,1
66096,0
51934,0
16064,3
41179,1
53570,2
70870,0
29461,0
66274,1
25952,3
43455,1
32629,0
41828,3
46598,0
36100,0
21989,0
35640,0
53584,1
81685,0
38552,1
6037,0
40934,0
10912,0
32512,0
67026,0
91626,0
90748,1
10595,0
63315,0
39504,0
36051,0
39479,0
1503,0
61730,0
37858,0
55898,0
58432,0
74850,0
79602,0
84235,0
15038,0
82754,0
89702,0
17220,0
12415,0
16505,1
27759,0
38760,0
97712,1
93308,0
64078,0
58299,1
84154,0
9425,2
48371,1
33401,0
1145,0
61590,1
72561,3
74031,1
37951,0
92970,0
10973,0
69527,0
8670,0
73785,0
60262,2
83751,0
19663,0
21596,2
65044,2
21451,1
30443,0
10740,0
96478,0
70245,1
43039,0
58655,2
38351,0
71,0
99106,0
41556,0
78374,1
71042,1
89272,1
90056,1
62827,0
72809,1
61284,0
87443,0
10071,0
14399,1
31391,1
81962,0
51386,0
70777,0
68586,0
86381,0
50058,1
52176,0
24438,0
18705,2
7485,0
74491,0
4987,1
2065,2
26711,0
73454,0
13050,1
70311,0
63056,0
34774,0
51458,0
99433,0
43142,2
19788,0
95206,0
55016,0
6640,0
76094,2
46659,1
46374,0
23736,0
62728,0
6647,0
71231,1
5923,3
51899,1
17267,2
49814,0
8429,2
19427,1
40217,2
68319,0
4888,2
14960,1
57752,0
24088,0
69908,0
17565,1
20175,2
93954,0
63668,0
67139,0
58772,0
19888,0
33526,0
66259,0
76046,0
65285,1
30542,0
167,0
22122,0
3611,0
46143,0
25655,1
74038,0
84014,0
45319,2
83648,1
88796,2
92854,0
98366,0
94419,1
34530,2
86742,1
86769,0
81469,0
91043,3
52243,0
9259,2
23296,1
76736,1
74157,0
45731,3
28804,2
12995,0
53196,1
62695,0
74958,0
79368,0
82790,0
29714,0
96474,0
15575,1
1172,0
53975,0
68902,0
690,1
92137,0
82237,0
7393,0
41273,0
4589,0
80943,3
24811,0
15309,0
47761,0
22982,0
81450,1
24235,1
54207,0
56326,3
89190,1
34651,1
87752,0
67025,0
15553,0
3369,0
32749,2
81894,0
26322,2
39404,0
1838,0
35068,0
37030,0
53230,0
62362,0
3735,0
43664,0
82281,1
83658,1
94011,0
45023,0
50989,0
35868,0
33683,1
68680,1
27774,0
91510,1
14618,2
3229,0
98287,0
69773,0
95251,1
13462,0
18601,0
19868,0
36270,0
69502,1
36213,0
98811,0
48599,0
69889,3
31696,1
38290,0
5394,0
87283,0
91129,0
35606,0
75903,0
20408,1
33410,0
81370,2
46664,0
62977,0
99453,3
25995,0
44625,0
62377,3
32064,2
67439,0
34961,0
70392,0
39197,2
16105,1
17300,0
12004,0
59006,0
40643,2
41975,1
65806,0
59200,1
28091,0
56569,0
72828,2
82486,1
3335,0
91947,0
3443,1
44509,0
20511,1
34065,1
4778,2
21078,3
20330,0
28208,1
54392,2
80405,1
31804,1
8542,1
65490,0
38109,0
39275,0
4706,0
73126,0
28447,0
62697,0
44770,1
89345,0
86026,0
93583,0
12760,1
24014,0
97074,0
34443,0
65516,0
91206,0
68859,1
24256,1
62252,1
2762,1
73174,0
24610,1
29787,0
854,2
75389,0
60563,0
78826,1
56615,1
51399,0
27313,1
81107,0
52772,0
75083,0
40760,0
7452,1
37302,2
49610,2
49805,0
27905,1
16668,0
75706,2
99557,0
47072,3
38128,1
95841,0
79508,0
14210,0
89637,1
17683,0
86410,0
87786,1
96807,0
18347,0
9875,0
46362,0
11204,0
71514,0
5193,0
94328,1
3725,1
86629,0
93727,0
84727,0
72623,1
89877,0
96320,0
13924,0
22176,1
30747,0
34106,0
34117,0
76553,1
80180,0
98954,0
7308,0
60209,0
94079,2
63394,1
68335,0
76213,0
7149,0
83352,1
51710,0
25311,0
45253,0
96612,0
98353,0
72176,1
59260,0
1653,2
2459,0
39278,0
98963,1
63260,0
11039,0
18309,0
48678,0
57911,0
44416,0
30697,1
99432,0
58030,0
55713,1
75583,0
68990,1
939,0
99979,0
27754,0
18084,1
89378,0
86034,0
72639,0
2176,1
13400,0
10257,0
42841,3
70016,0
51160,1
63397,0
10838,0
73972,0
62042,0
63963,1
14983,0
52921,2
55612,0
15318,2
58742,1
40147,0
12944,0
58596,1
40302,0
97354,0
75111,0
35602,0
93734,0
76575,0
93884,0
24987,0
95244,0
35771,1
534,0
68508,0
26366,1
78370,0
81654,1
29785,0
68246,1
59469,0
17477,0
43665,0
33828,0
68900,0
13181,0
83745,1
19049,0
25061,0
64667,0
52167,0
40462,1
18629,1
30955,0
32863,0
56157,0
48251,0
49861,0
88537,0
18503,1
19235,0
85827,3
24257,0
86391,0
83133,1
22339,0
4757,0
84285,1
13052,0
91905,0
71656,0
5217,0
96758,1
14246,0
23823,0
90966,0
39419,2
25266,0
49523,1
91519,1
49977,1
27284,1
79582,0
40751,0
79585,3
62616,1
46,3
30793,0
54425,0
89932,1
98192,0
98333,3
49405,0
73668,1
95619,2
83750,1
45287,0
92802,0
38498,0
62277,1
56178,0
18786,0
67751,0
18244,1
98689,1
79830,1
74245,0
1438,0
72194,1
2363,0
8891,0
20304,0
94336,0
23028,0
34814,0
88512,2
97585,0
92796,0
36507,0
81265,0
17378,0
86378,0
84937,0
59399,0
91635,0
70250,0
27267,1
75763,0
98967,2
39038,1
27644,1
3396,0
16341,1
37631,1
32722,1
69512,0
72811,0
54969,0
84223,0
78225,3
45928,0
13313,0
8368,0
78395,0
2195,0
90866,0
55774,0
98010,0
29440,0
65147,0
69048,2
50192,1
60058,0
27256,0
12888,0
62951,2
54985,2
77224,1
41783,2
38445,0
46381,0
94141,0
53193,0
76734,0
9236,1
73935,0
5027,0
251,0
98395,1
14752,1
57626,0
9374,1
54404,0
96481,0
76647,0
90987,0
90691,0
21559,0
80996,0
14357,0
87125,1
9019,0
52723,0
40502,0
12818,0
12518,0
24051,0
35644,0
67052,1
9182,2
19728,0
99152,0
43308,0
19102,1
26194,0
64351,1
93165,1
35505,0
41846,0
10952,0
59824,0
50356,2
40806,1
1340,0
66434,3
34346,0
15543,0
7825,0
97175,0
40720,0
76300,1
53504,0
62303,0
3533,0
83754,0
33212,2
34571,2
8662,1
65716,1
68317,0
69011,0
24308,0
73423,0
96990,1
62452,0
69587,0
84400,0
36789,0
57027,2
3028,0
2447,1
72597,0
33300,0
26456,1
43725,0
82886,0
70455,0
94774,3
407,1
61751,0
11788,0
83213,0
53238,1
76963,1
48110,2
69216,0
12546,1
84152,1
7144,1
29537,2
25776,1
19243,0
62407,0
98275,0
47496,0
28629,0
36918,0
78339,2
23570,0
43711,1
43785,0
71797,2
39759,0
12856,0
59232,0
78992,2
91789,1
82723,0
74226,0
48756,1
55800,0
25873,0
63809,1
36854,0
95163,2
2388,0
71061,0
8110,1
59971,1
42900,0
92803,3
75421,0
80869,0
61562,1
71633,0
32011,0
13451,3
98763,1
6031,1
98357,2
27960,1
21150,1
83634,0
78640,0
65217,0
63601,0
83205,2
20717,0
88261,0
7015,0
90667,0
9496,0
8090,2
74486,0
83085,0
21502,1
15405,0
34036,0
14259,0
48691,0
42484,1
89777,0
46597,2
16016,0
8901,0
87619,1
86131,0
86273,1
72385,1
31542,2
50923,2
65321,2
70972,2
66530,2
27331,1
63378,0
43535,1
90924,0
82986,0
90967,1
33488,0
33348,3
34393,2
34434,0
95153,0
72359,0
70029,2
76664,0
42321,0
94792,0
37537,0
38236,0
40583,1
99478,0
23302,0
29030,0
18349,0
49108,0
98095,2
75128,1
47708,0
37459,0
44396,0
25677,0
92478,0
17810,1
81362,0
48523,0
26933,0
49053,2
82183,0
83444,1
88481,0
31322,1
62980,1
8745,1
54472,0
8945,1
18028,0
34423,1
4169,0
34894,0
39253,0
40975,0
47152,1
90738,0
1351,1
43865,2
74508,1
98477,1
68131,3
17569,0
85958,0
57195,1
33938,2
54336,0
53412,0
11558,0
25473,1
85000,0
2465,0
9263,2
87210,0
93224,0
50068,1
18022,0
59911,1
20771,0
73707,0
27730,2
16185,0
38041,1
11925,2
87987,1
77043,0
38437,0
17122,0
41768,0
67148,0
81731,0
75702,0
18999,0
34380,0
1032,1
67402,0
81059,2
65202,0
97270,1
34743,1
50744,1
22170,0
53348,0
51790,0
56478,0
85322,0
84065,0
48702,0
477,0
30534,2
20092,0
25146,0
24703,0
28730,0
75429,1
67631,0
86095,0
89872,0
3552,0
13064,0
25152,0
47405,0
15808,0
1979,0
4012,0
18358,1
36615,0
63410,1
86096,1
59283,2
71397,1
60699,0
25726,0
46568,0
60173,0
43225,1
66532,0
85784,0
81893,0
82897,0
83130,0
13132,1
36829,0
49538,1
1574,0
661,0
85891,0
30427,0
69312,2
97055,0
87291,1
99006,0
94192,0
37070,0
11360,0
60709,0
8711,0
41700,0
9946,0
92244,0
87796,0
79053,0
94039,1
73160,0
90394,0
7583,0
8584,0
5859,0
30357,0
64190,0
10456,0
38196,1
75470,2
61403,0
440,1
33912,0
87322,0
1209,0
6872,1
23419,0
56091,0
43810,1
80332,0
98885,0
99917,2
59845,1
33480,0
97040,1
52108,0
3682,1
85722,0
55851,0
99554,2
71526,0
1142,0
28268,0
37399,0
48309,0
34493,1
96234,1
67980,0
48886,0
13935,0
77379,1
56657,1
42098,0
90183,0
25332,2
95205,1
91735,1
60111,3
16212,0
26014,0
53769,0
96315,1
1511,0
6520,1
49010,0
47545,0
34523,0
19291,0
32235,1
26961,0
56252,0
55718,0
62157,0
83848,0
65099,3
36071,2
30174,0
45378,0
19559,2
58008,0
97951,0
29166,1
37557,1
29492,0
64599,0
73118,0
73829,0
71838,0
38057,1
20934,0
94339,0
28494,0
75260,0
34799,1
41974,2
25533,0
18424,0
27876,0
45087,0
53625,0
34958,0
68151,0
81262,0
95430,0
94758,0
12039,0
63525,2
98624,3
79083,0
88183,0
43727,0
24893,0
24634,1
3478,0
26721,0
84981,0
57872,0
12473,2
26782,1
87276,1
21313,1
18855,0
36555,0
39072,0
54320,0
16825,0
71564,3
51656,0
46793,0
80410,0
5010,1
9451,1
57425,0
28647,3
25886,0
18765,0
49524,0
35649,1
22643,0
38750,0
92491,0
70147,0
14972,0
12158,1
96495,0
99804,2
83194,0
50998,0
51695,0
51642,2
46187,1
44329,2
65946,0
50852,0
43441,0
60826,1
98758,1
27096,0
8248,0
12720,0
45644,1
21600,0
43845,0
56695,1
30528,2
86889,0
78228,1
8578,0
52175,1
98356,0
54036,2
31488,1
18893,0
60968,3
2420,0
2355,2
43637,0
56155,2
23405,0
4440,0
61598,1
42649,0
26652,0
97824,0
59120,0
96535,0
20368,0
90670,1
77897,0
72871,0
29448,0
16458,0
10384,0
74517,0
66082,0
43211,0
69600,0
2597,0
83115,1
58072,1
12755,0
3172,2
80909,0
4971,0
44318,3
60202,0
47757,3
3228,2
38563,0
80389,0
48292,0
57081,0
19838,0
55843,1
30374,0
33398,1
49083,0
79428,3
38849,1
68553,0
78423,0
71666,0
29642,0
13450,0
99764,1
58635,0
90756,1
77452,0
40201,0
25107,0
24298,0
26057,1
1997,0
38736,1
91478,1
31092,0
37792,0
25429,0
93743,0
45269,1
36095,0
77576,0
89252,3
27640,1
44516,1
64099,3
79252,0
19707,0
96395,1
31917,0
85033,0
34590,2
47115,1
4101,0
43508,0
82597,0
71914,0
71754,0
41729,1
50646,0
80804,0
24283,0
36670,0
68176,0
80056,0
59318,2
26794,0
6279,1
53867,1
59829,0
48432,0
87035,0
95466,0
50621,0
24494,0
433,2
98291,0
9819,0
15202,0
22514,0
13501,0
77492,0
10108,0
23441,0
30020,0
53586,1
34489,0
94276,0
20920,0
54937,1
78707,1
60488,0
99396,0
53868,0
14515,2
62840,3
7458,0
14744,0
83808,0
97877,0
18043,1
70002,0
8860,0
44738,0
52166,0
89210,0
28756,0
7001,0
23500,0
45783,3
98421,0
4705,0
93653,2
39645,0
74004,0
33905,1
19191,1
22135,0
93288,1
51234,0
81996,0
263,0
12043,0
34319,1
99352,1
23308,0
33268,0
70141,2
14047,1
77074,1
51066,0
45631,0
93835,0
71464,0
96654,0
52294,1
56209,0
72481,1
23316,2
22042,0
98080,0
11624,1
41767,2
10649,1
18141,0
93026,0
41784,0
69207,0
84229,0
97010,0
16790,0
86836,0
39878,0
87815,0
77065,0
24888,0
6417,0
22330,0
49188,1
84415,1
73932,0
96305,2
32523,1
47066,1
33517,0
91529,0
59331,0
25267,0
10196,0
89736,1
18888,0
80575,0
37520,1
47467,0
49857,1
17948,3
73610,0
25899,1
71869,2
40060,0
38360,1
91927,0
85709,0
29327,0
37271,0
52875,2
68948,0
7315,0
50854,0
95036,0
21075,1
53598,0
2978,1
66400,1
49582,0
8174,0
46792,2
14192,1
76272,0
9618,0
69609,3
63094,0
71071,0
27744,1
57152,0
2206,1
30041,1
60511,0
32998,0
86797,0
80772,0
2203,3
67597,0
55776,1
12228,0
98858,0
16707,1
77541,0
30,0
41141,0
24271,3
46220,0
51614,0
46538,2
42005,0
74838,0
20900,0
85596,1
66073,0
26663,1
61615,0
37710,0
91419,0
54653,0
61567,0
9261,1
50830,0
14602,0
90643,2
62389,0
22427,0
53695,0
8254,3
48297,0
82263,0
36207,0
54239,2
6930,0
5092,1
40153,0
33959,0
49113,1
10068,1
23119,1
4182,0
91997,0
2732,1
96043,0
69147,3
21295,0
18504,3
78545,1
28035,0
57855,0
37686,3
27674,2
34020,0
98343,0
22655,1
32789,3
92657,1
53322,0
14793,0
50256,0
19269,0
49659,0
30848,0
313,0
5047,0
36020,0
9822,0
71133,0
37700,0
96622,0
88074,0
4974,0
93405,1
82180,0
33796,0
53366,0
81134,0
91367,0
68534,1
66287,0
68526,0
79795,0
48318,0
27822,2
93006,0
29827,1
80724,0
37203,2
98463,0
68776,1
28593,1
29722,1
36966,1
35638,0
7087,0
75555,1
67993,0
80473,0
20049,0
82893,1
75726,0
82305,0
37806,0
17352,1
32018,1
77559,0
22295,1
72,1
38173,1
85113,0
30459,1
31546,1
59721,0
73228,0
52968,2
74988,0
16670,0
89380,1
69542,0
76900,0
55390,0
26232,0
98516,0
14982,0
56037,0
98034,3
9330,0
80259,0
57559,0
48605,0
5134,0
98,0
83245,2
2331,0
9279,0
60550,1
71571,2
43181,0
57787,0
11839,1
11665,0
31088,1
20981,0
6648,0
98060,3
30353,3
15316,1
79160,1
23808,1
75607,0
64558,0
51913,2
4235,1
9915,0
37056,2
61537,3
85350,0
78877,1
281,0
62173,0
15610,0
72886,0
64579,0
19178,0
3704,0
7586,0
19012,2
40790,0
89430,0
79101,0
26478,1
14107,0
5191,0
67264,1
4282,2
25101,0
93955,0
51079,0
87149,0
27242,0
88791,0
62178,1
96623,0
32941,0
16117,0
69230,0
81447,0
77535,2
21889,1
11385,1
52373,1
77750,0
63597,0
16882,0
35962,1
85066,0
21497,0
7211,0
318,0
71948,0
57001,0
1710,0
41350,1
70949,1
72175,1
24325,0
72254,3
5131,0
10021,0
11616,0
15060,0
15436,0
3434,0
5664,0
34488,0
84965,1
32369,0
23802,0
23397,0
46068,0
89701,0
15074,1
3301,1
88193,0
67901,1
99045,0
84358,0
32939,1
19014,1
26629,3
66296,1
23167,1
34057,0
84040,0
42231,0
87985,1
64319,1
42591,0
21663,0
62607,0
73109,0
14141,1
32804,0
45974,0
14360,0
97423,0
55570,0
70973,0
86155,0
63854,1
58626,1
41868,1
18344,0
89778,0
21819,0
96134,1
92816,0
58660,0
50756,0
91459,0
48588,0
62635,1
32483,0
82001,1
1923,0
10873,0
48808,0
66592,1
56221,1
84076,0
3213,2
86907,1
47129,0
2513,1
45436,0
65582,0
92556,0
12513,0
96768,2
61294,0
82307,2
89008,0
82239,0
93272,1
10156,0
94864,0
46458,0
49704,0
66013,1
47721,1
37192,0
21810,0
71072,0
48,1
24457,1
46401,0
9876,0
42505,0
72613,1
4512,0
46836,0
36370,0
83272,0
90330,0
34891,1
96635,0
45432,0
50082,1
4382,3
79786,0
52878,0
36790,0
20130,0
14497,0
80731,0
47380,0
51460,0
29281,0
95664,1
71949,2
76159,1
17396,0
25404,0
75926,0
43460,1
38603,0
66463,0
66949,0
55608,0
73425,0
35352,0
26000,0
76229,0
73897,2
91585,1
13297,2
15412,1
17915,0
49217,0
20282,0
16837,0
93077,1
99422,0
32751,0
43525,2
8474,0
33388,0
12890,0
43476,1
79328,0
74182,0
27814,1
23380,0
62950,0
59615,0
90616,1
50150,0
16021,0
67257,0
95762,1
30162,0
5814,1
84430,0
4792,0
23694,0
13348,0
60334,3
11386,0
43229,0
78889,0
77187,0
35468,0
88503,2
19668,1
37536,0
69799,1
24241,0
34442,0
38482,0
80618,1
50225,0
65398,0
98795,1
92992,0
13952,1
16362,0
97755,0
79639,1
64032,0
77400,0
75427,1
55127,0
76282,0
73240,0
82317,1
30753,0
34788,0
60635,0
66663,0
33216,0
23409,0
8709,0
24484,0
54252,0
27793,1
49052,1
65129,0
10868,0
50105,1
69395,2
46464,1
23907,0
3796,0
22115,0
33904,2
98179,0
47797,1
23496,0
93541,0
37769,1
40634,2
52174,0
92438,1
87003,0
28822,0
15758,1
97741,0
99795,0
59604,1
77376,0
72591,1
32994,0
29053,0
22920,0
17587,0
66618,3
73304,0
4629,0
9429,0
80990,0
21525,0
30559,1
70035,1
48013,1
67938,0
61370,3
75346,0
31484,1
20271,1
6576,0
97160,0
52402,1
32790,3
27934,1
42280,0
20878,2
40330,0
46041,1
48906,0
28872,0
76095,0
64372,0
44862,0
29203,0
21160,2
79773,1
16340,0
98279,0
88831,1
68986,1
88607,0
72533,0
52410,0
83184,0
55660,1
92899,3
97395,1
88536,0
20259,1
18374,1
3123,0
18411,0
70539,0
73065,0
75289,0
62304,0
74,0
3737,0
30142,0
59136,1
82523,0
33128,1
34838,3
32209,3
78534,1
88198,0
30724,0
22233,1
26292,1
25793,0
31640,0
33439,0
53945,0
29949,0
80462,0
86473,0
50456,0
15501,0
29870,0
20888,1
84659,0
57423,0
29962,0
42004,1
77100,3
44899,1
96978,0
9352,0
13762,0
4479,1
79775,0
48259,1
5048,0
88754,1
25058,0
25458,2
47667,1
18072,2
90365,0
42340,0
22201,0
89467,1
73069,0
21833,0
96795,1
86965,0
5459,0
98922,0
40139,0
82713,1
99501,1
77476,0
703,0
24135,0
74961,1
66268,0
60629,0
21506,0
9703,1
25600,1
27476,0
58751,0
36261,0
16978,1
70734,0
65125,0
9686,0
71448,0
40179,0
33090,0
61506,0
44401,1
82396,1
22660,0
11914,1
71421,0
24030,0
21273,0
99477,0
55974,0
68999,3
55901,0
25034,1
47692,2
28452,0
31056,0
47248,0
42097,0
43187,0
12206,1
78749,2
51610,0
9159,0
37402,0
61224,2
14410,0
10146,0
7596,1
14205,1
71070,0
58546,0
48763,1
99508,0
21743,2
74812,0
5150,0
59149,0
36319,0
44566,0
59067,1
10010,0
32636,0
37621,0
85893,0
43757,0
57660,0
91797,0
25857,1
54083,0
87475,1
54836,0
3942,3
72278,0
75936,1
95772,0
43799,0
64500,2
90505,0
81428,0
21653,0
50303,0
98500,0
14000,0
6285,0
62724,0
27445,1
1067,0
291,0
64902,1
96835,0
39718,0
90460,0
60412,1
86166,0
50137,0
8253,0
81895,1
43719,1
90994,0
61200,0
58571,0
52740,0
86683,1
41045,0
45105,0
5062,1
4417,0
79986,0
38018,0
72956,1
88206,0
8058,0
59547,0
71572,1
5195,0
37157,2
13244,0
38832,3
54389,0
33736,0
96511,0
43866,2
9365,1
29687,0
1504,0
93311,1
82936,2
24968,0
11548,1
24773,0
57220,1
28611,0
53438,2
63890,0
95056,0
65655,0
42254,2
59841,0
59935,1
43478,0
4825,1
83802,0
87054,0
13092,0
17005,0
49358,0
5686,0
39276,0
66294,0
33376,0
15917,0
74163,1
69684,0
90712,0
89924,1
36137,2
67611,0
44858,0
24227,0
31126,2
90359,0
64151,2
35773,1
41648,1
10774,2
13189,1
34452,2
5625,0
63375,0
56802,0
35718,0
80531,1
84022,0
67907,0
9190,0
71937,0
32924,0
58583,0
8330,0
96694,0
21355,1
41646,1
53951,0
11986,3
50828,0
31102,0
58535,3
41361,0
31095,0
37038,0
29600,0
25883,0
46727,1
64432,1
13372,2
63626,0
58644,0
41906,1
23052,0
57857,1
4191,2
31753,2
83729,2
7854,1
75029,1
23395,0
12903,0
46133,3
78111,1
46962,0
11109,0
48946,0
85894,0
70150,0
13666,0
85349,0
69532,0
36929,3
9926,0
70298,0
69871,1
94713,0
65677,0
45932,0
1906,0
13196,0
28953,1
86835,0
1325,0
69172,1
32034,0
52603,0
85959,0
74131,1
50747,0
93543,0
8933,0
92353,0
70694,0
52695,0
28524,1
18803,2
76456,1
97265,0
97932,0
95192,2
46486,0
49076,1
78062,0
36608,0
92824,0
49230,0
78469,0
82777,1
38439,0
30100,0
77265,1
17412,0
780,0
78281,0
13016,0
21676,0
25761,0
34991,2
61946,0
62927,0
9929,1
27559,0
71056,0
26881,1
80276,3
15834,0
25503,0
4790,0
95689,0
83353,0
1770,1
46061,1
14015,0
81096,0
7034,0
43323,1
24007,0
10029,0
73108,0
33361,0
47363,0
81116,0
69726,0
63652,0
79874,0
37650,0
63340,0
54527,0
42997,0
34712,0
4864,0
82309,0
1461,0
99348,0
36426,0
10879,0
89267,0
28748,0
53258,3
77283,0
91576,0
97562,1
91263,2
652,0
21190,0
27615,1
98610,0
26565,0
84355,1
71563,0
99069,1
42618,0
46847,2
5643,2
28977,0
38457,0
56839,0
55682,0
63249,0
90296,0
47151,1
41531,0
27059,0
83577,2
26419,1
78328,1
25116,0
93565,0
36297,0
5996,0
34019,0
28814,2
49478,2
69632,0
82276,0
2175,0
69342,0
6733,0
91126,0
81846,1
47207,1
12431,0
85327,0
92515,2
18525,0
93285,1
3084,0
97993,0
15002,0
22859,1
33607,1
78838,0
92493,0
40705,0
13387,0
8010,2
89102,0
8503,0
6019,2
21814,1
26267,0
69339,0
56776,0
89973,0
55494,0
72545,0
7623,1
63533,0
54089,0
69408,0
4491,2
32766,0
31529,1
49455,0
69412,0
10783,0
43416,0
54978,3
89993,0
57758,1
53589,0
12274,0
8313,0
82432,1
94298,2
3350,0
35461,0
80109,0
45396,0
24984,0
39568,0
50727,1
19564,1
80709,1
52383,0
48275,1
99253,0
41362,0
26767,0
66545,1
54113,0
3550,1
27586,0
86583,0
60079,0
99787,0
68564,1
58160,0
36326,0
40033,0
16127,0
79292,0
11656,0
78295,0
11772,2
45342,1
91602,1
4945,0
31718,0
29715,0
49417,0
70233,1
28000,0
90032,1
60627,0
89801,0
95545,1
5960,0
48602,0
99205,0
93749,0
98147,0
16631,0
90925,0
41610,1
46545,1
51636,2
66128,0
1114,0
19618,2
8787,1
87967,0
64305,0
61596,0
69139,0
53936,1
40697,0
67573,0
47246,2
70384,1
51255,0
73142,0
14098,1
79771,0
78123,0
14903,0
52553,0
88871,0
59362,0
64699,1
46094,0
91364,3
76683,0
70532,0
74740,2
55534,2
22456,0
70144,0
34982,0
31779,1
41432,0
72106,0
93175,3
90819,0
88361,0
53840,0
27587,1
35928,1
60530,0
74189,0
72837,0
70294,0
96442,0
62880,0
10539,1
73268,0
66630,0
15496,0
48266,0
99322,0
49476,0
63281,0
87288,1
74681,0
10591,0
27515,0
16817,0
68858,1
21913,1
46447,0
26372,0
86237,0
64219,1
73251,0
37389,0
62847,0
22095,0
34632,0
32849,1
67133,0
27175,1
6557,0
5493,0
47481,0
55027,1
43946,0
68211,0
28279,0
55498,1
54327,2
36614,0
69841,0
22269,3
75847,0
57878,0
56179,0
12505,0
26949,0
95147,2
13135,1
20286,0
81701,0
19912,2
54178,0
38947,2
23403,0
44715,0
2924,0
37591,1
45357,0
87310,1
64059,0
16118,1
67240,0
6784,0
93231,1
99984,0
79828,1
44361,0
7209,1
28569,1
44661,0
94565,0
19639,1
83366,0
31498,1
90213,2
82298,3
88829,0
93668,0
68326,1
59468,1
33990,3
35232,0
47908,0
36087,0
18831,0
25812,0
48573,0
86027,0
75783,0
35842,1
96086,0
18817,0
94273,1
17298,1
2207,0
67360,0
47730,0
98232,0
65486,1
94250,1
63446,0
43666,0
68069,0
94988,0
20223,2
60890,1
33982,0
56491,0
17599,2
38282,1
36638,1
40827,1
83953,0
57807,0
22640,0
88301,1
93680,0
11903,0
46878,0
26152,0
5865,0
89621,2
23166,2
98324,0
48404,0
14686,0
28299,1
24970,0
17462,0
23442,1
79456,0
58106,0
13422,0
86929,1
21576,0
40131,2
87658,0
31475,1
36174,0
99502,0
46421,0
44435,3
16843,0
2778,1
54895,0
39026,0
87958,2
87948,0
93194,0
65587,0
7524,0
28547,0
22083,0
58786,0
81922,1
78437,0
92995,0
1811,0
77671,0
2544,0
21228,1
11016,1
37925,1
96337,0
27323,0
57130,1
42417,3
11421,0
42782,0
51166,0
222,0
82290,1
24981,2
6900,0
58727,1
60018,2
85637,0
86170,0
44116,0
14132,0
22198,3
7719,0
38203,0
66907,3
46744,1
13901,0
64870,0
82153,1
65923,0
16661,1
90208,0
80562,0
8169,3
89629,0
88082,1
75888,0
78700,0
78681,0
98488,0
6238,0
72301,2
94376,0
10849,1
89527,3
8842,2
36422,0
33245,0
55378,0
36867,0
81472,0
70530,1
10593,0
91902,1
9158,0
19150,0
47113,0
75897,1
86954,0
373,3
27957,0
76465,1
96912,0
5247,0
37830,0
8766,0
28178,2
89429,0
23925,1
83173,1
70681,0
38745,1
76055,0
82247,1
84546,0
16181,0
26997,0
88890,0
11032,0
61413,0
34804,0
40474,0
89746,0
2563,0
30925,0
18937,0
81809,0
7239,0
82667,1
71667,0
6720,0
59396,1
38941,0
14578,0
99104,1
92224,0
34396,0
5122,0
91537,1
5497,0
140,1
57826,1
26279,0
39700,1
30239,0
57013,1
15617,0
9260,0
10966,1
40534,0
90083,0
92032,1
94138,0
77027,3
89276,1
27631,3
6593,0
40787,0
15196,2
29466,0
60832,2
28019,3
1796,2
93137,0
7387,0
25118,0
81707,1
38169,0
84309,0
27950,0
68917,0
50804,1
63949,2
92886,0
53079,1
20568,2
53036,1
52960,0
88652,0
58333,0
91657,0
54593,0
31616,1
35855,0
91303,1
52034,1
7168,0
5212,0
64438,0
11176,3
39355,0
65259,0
67222,2
85832,0
14207,2
34403,0
48770,0
31853,0
60174,0
34133,0
15003,0
39071,2
29383,3
74080,1
55400,1
80449,0
55245,0
69152,0
88159,1
95892,0
60335,3
48363,0
22056,0
81315,0
97591,0
32219,0
35423,0
62412,0
77584,0
12651,0
51198,2
94780,1
59266,0
92294,0
13240,1
42322,0
2226,1
61838,0
87196,0
64480,0
67511,0
23486,0
91769,0
47060,0
21829,0
29507,0
85634,0
89520,0
22684,0
39074,0
27974,0
89407,0
12366,3
33188,0
19030,1
4016,1
91027,1
62471,0
90647,0
30294,0
2284,0
73089,1
32477,0
82805,0
54274,1
41357,0
75739,1
56142,0
22436,0
22976,0
75612,0
18798,0
17454,1
76966,0
51128,0
44018,0
57032,0
22020,0
9821,0
42121,0
61303,0
86320,0
53047,0
98862,0
62415,0
25579,0
70626,0
54846,0
63785,0
95331,1
38698,0
58086,0
31319,0
27300,0
29618,0
50618,0
93905,1
39980,0
28559,0
87623,2
6873,1
69672,1
63383,0
98799,0
60623,0
12127,0
75324,2
48945,0
56509,1
30433,1
40008,0
50382,1
18872,0
63396,0
2016,0
12930,0
19321,0
25741,0
20212,3
60358,0
88189,0
12853,1
92411,0
17398,3
75347,0
34394,0
78837,3
79652,0
11114,1
17803,0
461,0
17029,0
59002,2
66143,0
61798,1
98865,1
52159,0
51639,1
87170,0
52480,1
66703,0
5143,0
29256,1
48407,0
74416,2
91197,0
51859,0
47895,0
4989,0
61463,1
44709,1
60291,0
2608,0
59264,0
85186,0
33003,0
6311,0
22114,0
61307,0
83275,0
67049,0
99212,0
48619,0
90474,0
35098,0
29888,0
85902,2
29861,0
57900,1
20247,0
74965,1
63995,0
5514,0
53383,0
8765,0
35150,1
30679,0
38653,0
22116,0
90165,1
7761,3
49179,3
68821,0
26435,1
21009,1
28764,0
87302,1
71592,2
80765,1
35216,0
13136,1
77091,0
2143,0
84114,3
29261,0
30578,0
75910,1
67234,1
26982,0
44149,0
62395,0
3907,3
68996,1
29142,0
79637,0
15623,0
27689,0
64257,0
59834,1
65005,1
43980,0
13842,0
62851,0
74249,1
27681,0
57733,0
87262,1
75189,1
17562,0
63937,1
5874,0
92968,0
60182,0
7606,0
78614,0
68304,2
76962,3
77895,0
52067,0
2529,1
38636,2
81713,0
65475,0
94660,0
11033,1
8682,0
65537,1
39317,0
96826,1
33774,0
10206,1
67729,0
4471,1
30212,0
40106,1
71220,3
34909,0
1115,2
57982,0
2823,0
63486,0
4252,0
96630,0
7262,1
16671,0
21971,0
12913,0
84315,0
71779,0
39576,1
78244,0
68298,0
81314,0
23341,2
57884,2
64542,1
61842,2
4901,0
95304,2
63502,0
35618,0
47822,0
38461,0
66416,0
32404,0
95477,2
77183,0
75444,0
48665,1
77775,0
66396,0
60088,0
49742,2
3839,0
60531,0
85851,0
86487,0
84907,2
95325,0
87045,2
90093,1
51923,0
96040,0
50094,0
23415,0
83605,0
62297,0
46233,0
46180,1
1343,0
8266,0
46149,3
65922,0
40399,0
96357,0
23825,0
51531,1
35260,0
71354,0
13844,0
55048,0
73008,0
10466,0
16845,2
28986,0
58527,2
25166,0
69459,0
80471,1
70119,0
34315,0
65561,0
22790,0
52201,0
63380,2
20637,0
37037,0
48212,2
53996,1
62599,2
57435,2
85850,0
65010,0
29984,0
74083,1
80017,1
8660,0
58564,1
94046,1
5346,0
33535,2
76880,0
13005,0
57990,0
5171,1
86082,0
33851,0
99242,1
61870,2
26650,0
42493,0
25095,1
89027,0
10058,2
94610,0
65119,0
21453,0
14149,0
54624,0
95906,1
84231,0
58235,2
41544,0
53255,0
11495,1
68401,0
93465,0
64752,0
70658,0
42135,0
53330,0
63739,1
59771,0
88438,0
76671,0
7492,0
98580,0
75932,2
76343,0
19344,0
14656,0
99883,0
69289,0
79502,0
5854,0
350,0
21868,0
74443,0
45556,0
77368,1
57125,0
4860,0
51239,1
47140,0
60833,0
97278,0
74426,0
53064,1
54383,0
83434,0
29145,0
52558,0
82270,3
69111,0
73709,1
71642,0
56289,0
14482,0
45639,0
8242,0
84984,0
3642,0
93608,0
50719,0
81300,2
22797,0
19027,0
3193,2
22363,0
22001,0
12528,1
28174,1
77884,0
82151,1
1645,3
46249,2
8830,0
94656,0
67172,0
46711,3
48930,0
87335,0
20670,0
24939,2
11367,0
83283,1
13105,0
26665,0
83416,2
85245,0
65145,2
18019,0
27470,0
97673,0
9877,0
87343,0
35664,0
54729,0
51509,0
13507,1
51336,0
51219,0
40120,0
68014,0
45869,0
69331,2
47262,0
5026,0
83728,0
211,0
42372,0
9513,0
61953,0
28576,1
56711,0
47371,1
10648,0
18290,0
27312,1
93124,1
38573,0
71887,2
36291,0
44038,0
15341,3
43364,0
93854,0
94814,1
23439,0
85966,0
83875,0
45666,0
62556,0
6250,2
57307,1
8762,0
20190,0
76743,2
70337,1
37178,0
47489,2
88328,0
78514,1
24075,0
31434,0
20972,1
43155,0
23481,0
7913,0
89917,0
35634,0
8671,0
14162,0
17825,0
53652,0
79357,0
2966,0
79311,0
46453,0
10136,1
2916,0
47106,0
97349,1
76633,0
23555,0
90612,0
37842,0
44754,0
50554,0
45601,0
7896,2
71240,1
85132,0
37437,0
50307,0
78180,1
74407,0
89068,1
49505,0
62463,1
57852,0
72395,0
60923,2
37513,0
65050,0
17619,0
69817,0
74089,0
3937,0
71641,1
38061,0
16628,1
67356,1
20345,2
53825,3
77467,1
7265,0
84926,0
91318,0
33612,1
68308,0
79993,1
53334,3
99648,0
9833,1
67467,0
82725,0
67677,2
84078,2
75571,0
70908,0
91230,0
4318,0
33942,0
20427,0
5626,0
98566,1
91375,0
5434,3
45936,2
31213,0
29791,1
37049,0
79266,0
89148,2
88180,0
22221,2
38108,0
84964,0
65723,0
39779,0
98523,0
9563,0
39451,0
27772,1
4175,0
65700,3
67990,1
37703,0
72895,0
2535,0
69304,0
19265,0
32229,1
42369,0
12379,1
95214,0
75797,0
7965,0
56729,0
58153,0
53783,3
42069,0
66466,3
83981,0
91975,1
79163,0
57573,0
68399,0
86940,0
88079,0
41662,0
40155,1
35437,2
17646,1
42739,0
67929,0
95642,0
57296,0
63902,1
86607,2
55797,0
25281,1
54139,0
76475,0
74297,2
24279,0
16380,0
61671,1
29419,1
23233,1
42112,2
1635,0
10942,0
98552,1
65121,1
36086,0
57214,0
15086,0
99309,0
8911,0
8311,0
32081,0
76971,0
4515,0
90815,1
55041,0
50578,1
99635,0
88516,3
25806,1
30507,0
48862,0
34596,1
58178,0
8523,3
8797,0
81380,0
56313,1
75678,0
88663,0
3373,0
50607,0
1671,1
43401,0
98920,0
48369,3
2561,1
1193,0
97230,1
66770,1
75096,2
12539,1
14222,0
63475,0
47980,0
86255,0
21785,0
91232,0
42722,1
61883,1
70204,0
29322,0
69806,0
66628,0
40578,1
58927,3
86556,0
32593,0
18799,1
83110,0
54468,2
61372,0
4462,1
23853,0
1070,1
871,0
31861,0
3698,1
96647,0
35530,0
71069,0
18311,0
33261,3
26207,0
33196,0
52331,0
15281,1
13860,0
66580,0
19805,1
3691,0
83050,0
75018,0
87602,0
43905,0
25946,0
7108,0
95633,3
73882,0
76556,0
92415,1
61299,0
96864,0
22019,2
86035,2
17753,0
6040,0
2059,1
12323,0
67070,0
82046,3
19783,0
79818,1
45480,2
43908,3
45738,0
54129,3
43458,2
4744,0
46890,1
7988,0
86438,0
88634,0
9130,0
35042,0
16786,0
48429,2
81217,0
84271,1
24117,0
24529,0
56039,0
10473,0
56439,0
80889,1
34857,1
75634,2
51658,0
27225,0
95008,0
8752,0
52319,1
40987,2
10854,1
57698,0
58398,0
63064,0
95241,1
12244,2
51388,2
52843,0
65345,0
4882,0
94289,0
77774,0
63770,0
14112,0
63058,1
79221,0
42117,1
96734,0
37611,1
39492,0
61695,1
13059,0
92203,0
62393,0
6241,0
60179,0
47141,0
19403,0
77259,0
99996,0
49440,3
89934,0
69437,1
29583,0
7032,0
69041,1
31182,1
84484,1
54248,0
93692,0
78955,0
4878,0
23876,3
42840,0
69923,0
93967,0
23225,0
8591,0
32925,1
78975,0
47026,0
659,1
48850,3
57773,1
13211,2
60777,0
99394,0
18457,0
26123,0
61674,0
58308,0
45965,1
40522,0
42027,0
57151,0
52153,1
56871,0
63849,0
15296,0
96879,0
6564,0
31341,0
13814,1
73565,0
10982,0
7971,0
90948,0
91793,1
25162,0
82354,0
38189,0
30693,0
27921,1
85340,0
86787,1
65074,3
38536,0
83017,0
82143,0
13506,1
40610,0
73921,2
34352,0
57416,0
95594,2
80039,0
7879,1
72405,2
33274,0
60575,0
27635,0
2602,0
80714,0
74959,0
15285,0
44908,0
9258,0
70266,1
82968,1
81643,0
93344,2
87338,0
80610,0
62248,2
75652,1
54164,0
72622,1
48549,1
62133,1
68618,1
20114,0
22,0
91214,1
71936,0
78648,1
48583,0
26063,0
58991,0
32469,1
17278,0
84255,0
25258,3
38866,1
5810,0
70722,1
98711,2
83772,0
75352,0
75142,0
59233,0
7669,0
19782,1
73814,1
83466,2
75656,0
33463,0
84803,0
50254,1
66291,0
22929,0
74953,2
30448,0
6132,1
94786,0
47560,0
35100,0
61034,0
31471,0
11471,1
17364,0
68720,1
27510,2
3564,0
84535,0
32977,2
87460,0
62470,1
37308,0
1424,0
59141,0
43678,1
71947,1
37177,1
66784,0
96328,0
42916,0
58679,0
82222,0
13161,2
43090,0
63279,1
98145,0
65511,0
72884,0
60417,0
34016,1
62898,0
73654,1
55095,0
33178,0
9813,0
74952,0
17997,0
1690,0
3507,0
95507,0
42358,0
65112,0
44088,0
19303,2
48215,0
40463,1
15359,1
48571,0
56599,0
51299,0
60157,0
8439,1
15425,0
12461,0
59366,0
62267,2
83285,0
77847,0
30598,3
96422,0
50413,1
6657,0
5848,0
12764,1
75181,3
29572,2
93890,0
40616,1
83413,2
90981,0
78489,0
42903,1
75493,0
48538,0
86636,0
14213,2
46090,0
700,0
90019,0
64861,0
90169,0
44914,1
55200,1
46937,2
61931,2
38289,2
74819,1
24160,0
61160,0
61438,0
63806,0
39136,0
4664,0
24010,1
4711,1
731,0
89904,0
26942,3
14812,1
11940,0
35527,2
32106,1
81166,0
53818,0
28085,0
20501,0
14035,0
19207,0
83644,1
80306,1
32547,0
93180,0
82129,0
10569,1
55983,1
55452,0
91290,0
53717,2
374,0
12681,2
15457,1
25604,0
32054,0
32273,1
90417,0
97933,3
84772,0
91543,0
95408,1
50775,1
14992,1
14509,0
62776,0
22898,0
43631,0
22968,2
87822,0
86018,0
27514,0
55693,0
96571,0
84720,0
6060,0
65451,0
68907,1
8225,0
65003,0
16321,0
31325,1
40765,3
87140,0
66450,1
60964,0
56112,2
98981,0
14737,0
95889,0
88631,0
56484,0
73099,0
26593,0
27378,0
21853,0
6612,1
21544,2
46815,0
31903,1
29340,0
39208,0
84648,0
34841,0
29149,0
31090,0
78670,0
69122,2
3822,0
99575,0
38027,0
46950,0
71638,1
99926,0
13625,0
58989,1
13071,2
63903,1
68412,1
53729,0
37911,1
49213,0
83108,0
15625,0
68419,0
17728,1
5826,0
71378,1
24948,0
13509,0
14637,0
72382,1
62167,0
2024,0
10435,1
34404,0
83593,1
16857,0
54908,1
11786,0
27164,0
50259,0
86811,2
27339,1
77352,0
86268,0
30422,0
90035,1
40899,1
96652,0
14312,0
73195,0
34920,1
33658,0
56298,0
87345,0
72427,0
9998,1
76903,0
78999,0
47085,1
42817,0
74683,1
53897,0
98787,1
31766,1
33087,0
76954,0
23749,3
12568,2
6776,1
74033,0
83565,0
61629,2
92445,0
8931,0
28171,0
88435,0
3064,0
97408,0
97982,0
70222,1
20102,0
19181,0
72059,0
66187,0
59527,0
77883,0
90433,0
82841,1
85500,0
63541,1
51837,1
47458,0
10186,2
65746,0
84175,0
10662,0
26200,2
3331,0
80692,0
93092,1
11469,0
20661,1
88216,1
37124,2
58803,0
22852,0
11919,0
35447,1
41299,0
71840,0
69589,0
41880,1
723,0
21412,0
38297,0
60592,3
80900,0
20353,1
92644,3
59579,0
2856,0
48337,1
498,0
30078,0
75597,0
95525,0
73384,1
42136,0
5243,0
49304,0
72470,2
99151,0
64420,0
66393,0
68252,1
64817,2
61420,1
22947,1
42727,1
96197,0
34151,1
24309,0
73783,1
79281,0
88287,0
7589,0
12541,1
14517,0
72981,3
55946,0
83560,0
24332,1
15315,1
98341,0
3483,0
19794,1
43555,0
69037,3
18839,0
87496,0
94036,1
47240,0
20608,0
45103,0
53882,3
44788,0
66941,0
23485,0
70820,1
99476,3
68406,3
95597,0
76627,2
59285,1
29531,1
30767,0
20919,0
53665,0
75125,0
16632,1
61364,0
54297,0
21186,0
82526,0
37015,1
20112,0
27270,0
79835,0
18651,0
6704,0
84120,1
55697,0
74184,0
20734,1
32572,1
90444,0
98479,1
97325,0
37075,1
25751,0
2311,1
66952,0
62854,0
81920,0
15702,0
46431,0
69260,0
64279,2
79313,3
77513,0
15647,3
26848,0
94948,1
39812,0
6116,1
47086,0
99794,0
72031,0
55425,0
62073,1
11938,0
72598,0
54845,1
40388,2
87327,0
13769,0
35619,0
63386,0
90930,0
1560,0
90446,0
20081,1
11070,1
84362,0
51443,1
73976,1
43191,1
794,0
38465,0
87236,1
10144,0
22745,1
16972,0
19082,0
92749,1
46146,0
99679,3
87271,1
80020,0
97037,0
26685,1
86267,0
25778,0
41683,1
50324,0
3083,3
94177,0
44501,0
41813,0
69497,0
91825,0
18714,0
25962,1
64296,0
80424,2
59290,0
94788,0
42949,1
47261,0
75158,0
51411,0
68614,0
83016,0
88271,0
85133,2
72535,1
90133,0
27715,1
62803,0
46907,0
96775,0
84105,0
69427,0
57965,0
36169,0
99068,0
228,1
90781,3
34369,0
20759,1
17157,0
53954,0
66456,1
50028,0
74938,1
28935,0
27645,0
42251,0
15354,0
77752,2
59999,0
64434,0
11238,0
55880,1
77938,1
73622,0
65527,0
64239,0
9173,0
57842,0
37424,0
97386,1
29498,0
23174,1
28601,0
74631,0
85476,0
82035,0
75193,0
49660,0
57230,0
77940,0
94483,0
15991,0
5609,0
98106,2
9172,0
35575,0
19646,0
86810,0
73589,2
80579,1
88360,0
20384,2
34797,0
55216,0
77573,0
70936,1
20030,0
88032,0
753,0
87363,2
65818,1
44366,1
45859,0
53635,2
77487,0
5272,1
14126,0
95372,3
62630,1
48990,1
7463,0
2543,0
97812,1
45004,0
73967,3
34888,1
55530,0
25105,3
62390,0
64602,0
48913,0
83156,0
72518,0
88557,3
65220,0
3461,0
68698,0
8530,0
94337,1
62005,2
15621,1
80112,0
7741,0
52863,0
21832,0
51772,0
27663,1
33065,1
83653,1
73779,0
3858,0
1144,1
62232,0
25625,0
30251,0
38641,3
14194,0
30377,3
66741,0
4214,0
66399,0
30465,1
75564,0
27,0
476,0
44179,0
97390,1
30944,1
7667,2
21201,0
17276,3
10813,0
15265,2
32609,1
30166,0
61722,0
54765,0
91611,0
4579,0
37797,1
26391,0
21778,0
46514,0
70744,0
32021,0
60259,0
51930,0
20078,0
74992,0
65847,0
92085,0
93123,1
66555,0
77498,2
32277,0
13576,1
6354,2
50320,0
94947,0
40513,0
71977,0
27723,3
3554,2
23256,3
23213,1
54560,0
97965,0
13646,0
30080,0
33271,2
76024,2
49844,0
2060,1
14924,0
79659,2
64940,0
49467,0
56104,0
35155,0
47854,0
53276,0
74551,0
31206,0
40612,0
71428,1
1632,0
55499,0
18328,2
90539,2
87112,3
41795,1
39441,2
23516,0
7384,0
93818,0
76111,2
26467,0
24045,0
78884,0
5875,0
42606,1
82412,0
49184,2
92718,1
36403,0
25866,1
20588,0
4099,2
10490,0
84640,0
10035,0
70022,2
27431,3
74503,2
14877,1
4249,1
51095,0
5392,1
64510,0
46275,2
13167,1
66338,3
14017,0
95340,1
52532,2
7725,0
38915,0
98494,1
92237,0
146,0
26364,0
86600,0
22377,0
76856,0
6750,1
83774,1
55653,2
59385,0
20668,1
84758,0
50638,1
39570,1
83072,1
34031,0
6430,0
24661,2
33031,0
38185,1
79529,0
36458,1
20189,0
19992,0
63135,0
11612,0
9078,0
26487,0
50197,2
8858,0
92729,0
44640,0
87295,3
33840,0
75023,1
57471,0
5935,0
71317,0
68344,0
27128,0
9384,1
35323,1
46566,0
36281,0
75908,1
78276,0
15242,0
27370,0
13085,0
64829,0
1507,0
8054,1
11710,0
60200,3
54247,0
87845,3
66159,0
32827,0
14459,0
32315,0
44444,0
62830,0
29473,0
11698,1
66514,1
6771,0
70855,0
63771,0
29966,0
88900,0
88252,0
89326,0
66101,0
83887,0
31521,2
67944,2
90292,1
38857,1
83768,0
6912,1
65824,0
6048,0
71431,1
51308,1
61333,0
94037,1
16928,0
61243,0
50369,0
12374,0
8763,1
42351,0
43459,0
23763,0
87984,1
17191,0
78593,0
33230,0
18950,0
53290,0
91145,1
16188,0
65521,1
64676,0
76044,0
50745,1
30802,0
9223,0
16584,0
92678,0
26211,0
70130,1
58166,1
24421,0
43580,0
57133,0
55253,0
47948,1
34459,0
58487,0
26915,0
29561,1
80003,1
31816,3
58810,0
8286,2
83142,0
81627,1
19393,0
80272,0
86298,0
42843,0
75015,0
43509,1
32030,0
88491,1
8693,2
28115,0
34903,0
16916,0
55284,0
63896,0
70746,3
1309,0
58654,0
95009,0
17226,0
30581,0
87447,0
76119,0
88902,0
87888,0
32604,0
55832,3
9947,1
42420,1
70349,0
13074,2
86776,1
68798,0
32280,1
22627,1
60365,0
16602,1
80161,0
19209,0
17772,1
35456,1
55724,0
43818,0
73768,0
936,0
2497,2
64626,0
48807,0
12713,1
95128,0
14952,1
17950,0
45233,0
37469,0
80959,2
84760,0
8779,2
68697,2
93271,0
6841,0
70162,1
8366,0
62756,1
31983,2
44107,0
22587,0
89709,2
26507,0
344,0
55,1
71011,0
42287,0
85771,1
75061,1
95644,0
16526,1
33498,0
99454,0
79440,0
232,0
11324,1
2911,0
88891,0
57851,1
34042,1
81114,0
6389,0
54702,2
4502,0
85810,0
87811,0
96603,1
28247,0
5557,1
25723,0
27480,0
74780,0
62405,1
42682,3
80561,0
75812,1
67267,0
3974,2
11390,1
4168,0
21291,0
84912,0
46393,3
91312,0
5984,0
69479,1
6965,0
3873,0
91857,1
26592,0
34003,1
93357,0
92143,0
63959,0
89682,0
36165,0
15615,0
16295,0
53834,2
96083,1
34657,0
11960,2
87424,0
73121,0
17360,0
24874,0
10016,0
39940,3
10784,0
37436,0
7813,0
34098,0
83243,0
37021,0
19828,0
54391,1
30128,0
62509,0
83081,2
26462,0
82582,0
71502,0
22293,0
14169,1
56096,0
48074,2
77420,1
97320,0
43772,0
13438,1
34717,1
87428,0
55778,1
89319,0
53546,0
75606,0
19468,2
71821,2
3555,0
24516,0
86389,0
86545,0
79315,3
17822,1
7487,0
84708,0
46501,0
16876,0
72507,0
6216,0
86495,2
7642,1
23168,1
93135,0
31257,0
81649,2
456,0
13275,0
8560,0
18462,2
4274,1
47427,0
9312,0
94254,0
87153,1
95275,3
70580,0
34671,0
64725,1
32715,0
21858,1
66315,0
73562,0
68711,0
32359,0
34796,2
60549,1
26023,0
41774,0
46668,0
8729,1
36896,1
25263,1
68959,1
66017,0
33884,0
83093,1
57410,0
91108,1
74488,0
98076,0
79081,0
50712,2
47861,0
3655,0
46633,0
34879,0
88410,1
52801,1
45245,0
26327,0
16946,0
37684,0
810,0
17084,1
69376,1
13048,1
13163,0
73625,0
88540,0
68051,0
63023,0
89732,0
7200,1
53629,0
77516,0
77313,0
3276,1
87620,1
76744,0
13367,0
79244,0
69944,0
21725,1
6442,0
45998,0
90085,1
83461,1
63569,1
99760,0
85062,2
10723,0
74214,2
58321,2
91432,1
74402,1
2706,2
97804,1
31814,0
2162,0
75489,0
69531,0
48151,0
17863,0
73387,0
42717,0
55587,1
54625,0
39325,0
8597,0
63665,0
88278,1
50954,0
49804,0
34959,0
60464,1
77309,1
3096,0
25300,0
31282,0
57504,0
9045,0
96250,1
35995,0
89220,2
68705,1
69328,3
59463,1
17678,0
28172,0
82991,2
45910,0
84861,0
10111,0
7483,0
36588,0
33220,0
78234,1
16220,0
64388,0
70915,0
7684,1
67313,0
97482,1
2506,0
37674,0
77697,0
40287,0
46335,0
56267,0
287,0
99521,1
88374,0
59004,0
72541,0
75638,0
76695,0
73445,0
11036,0
74453,0
79190,0
52847,0
84719,1
54738,0
8866,1
61408,0
86575,1
90080,0
11467,0
65001,1
84724,0
47093,0
63004,1
28863,0
64487,0
6769,0
4863,0
27980,0
34342,0
43184,0
2282,0
34189,0
15527,0
43491,0
16936,0
52080,0
39776,0
78380,1
54934,0
5221,0
61059,0
9268,0
2515,0
9757,0
83311,0
65627,0
41069,1
31624,0
82380,0
47544,1
36739,1
54447,0
59298,1
61118,0
40076,3
24552,0
23424,1
22809,2
55347,0
17376,1
32172,0
32486,0
84503,0
85740,0
92531,0
81513,0
21018,0
69228,0
68857,0
87925,0
93094,2
4924,1
83784,1
99853,1
56970,2
97746,1
33846,3
40701,0
6746,0
22736,0
10706,2
37645,0
81495,1
60568,0
41180,0
36485,1
73868,0
25808,0
63660,1
99112,1
47904,0
48560,3
36242,1
34664,2
3062,0
43650,0
62307,0
63092,0
52549,0
95999,0
29552,0
91422,0
94931,0
25324,0
76845,3
18844,0
9644,0
8547,0
28459,0
14261,0
59583,0
19482,1
76138,0
21206,0
5423,0
64622,2
14733,0
50778,0
74986,3
65347,0
75390,1
84608,2
7408,0
21258,0
22073,0
48631,1
7632,0
37511,0
63515,1
52608,0
31737,0
823,1
33696,0
55132,0
67204,0
93099,0
16150,0
5480,0
74893,3
72295,1
58258,1
50661,0
50704,2
8021,0
81911,2
38370,0
68622,1
30974,0
29703,0
84960,0
98554,0
15306,2
37798,0
29182,0
29248,0
4712,3
87167,1
40183,1
2265,0
24008,0
53851,0
25581,0
87104,0
67671,0
30791,1
95890,2
19856,2
17245,0
41138,1
77113,0
19042,0
36072,1
12487,1
84532,0
61808,0
31171,0
49905,0
32891,0
87866,1
81131,0
81699,0
60710,0
62262,0
29323,1
57724,0
12640,0
72797,0
76886,1
98802,1
53206,0
885,2
20716,0
46071,2
54510,0
55423,2
76214,3
30739,1
35083,0
59003,0
97152,0
67916,0
68868,0
26958,0
14943,0
32811,0
47868,1
86596,1
52076,0
65661,0
54106,2
81993,1
30833,2
70770,0
58181,1
15366,0
1872,0
39905,1
47574,0
32775,0
68506,0
88534,3
56924,2
36113,2
56761,0
31960,1
84913,0
34431,0
77621,2
55093,0
49294,0
8565,0
1305,0
80133,2
48929,1
26040,0
71990,0
4327,2
88522,0
87245,2
3516,0
11959,1
46834,0
41000,0
26896,0
35064,0
56933,2
79011,0
75265,0
80048,0
79867,0
45422,3
11166,0
68359,0
52290,0
3340,0
35635,2
64506,0
25467,2
65701,0
36330,0
44710,1
51094,0
50039,0
54138,0
73650,0
49032,0
444,0
66662,0
82204,0
53315,0
57993,1
45642,3
39675,0
2400,1
13172,0
65042,0
22827,0
54312,0
39868,0
74696,1
88272,1
9491,1
64381,0
51901,0
90580,0
97659,0
4747,0
97121,0
21325,0
5287,2
68193,2
93436,0
36891,0
19542,0
13796,1
72781,0
68390,1
73500,0
29133,1
92693,0
61683,1
37450,1
92204,0
57864,2
85277,1
81233,0
62804,0
41235,0
42676,0
71197,0
81373,2
44976,2
63564,1
16366,2
3338,0
48114,0
99350,0
2118,0
69594,0
47108,0
35300,0
71221,0
36308,0
12436,0
14688,0
9070,0
91296,0
86974,0
16439,1
54540,0
46080,0
96045,1
74473,1
72381,0
84864,0
22894,0
97521,0
10123,0
20720,1
72889,0
67035,0
56134,0
10720,0
72067,1
36153,0
89495,0
86654,0
16410,0
34206,0
49282,0
73442,0
78232,0
18033,0
47247,1
1011,0
34569,1
44891,0
86536,0
60785,3
9043,2
40405,0
66594,0
7036,1
24460,2
14354,0
17244,0
36393,1
91152,0
28716,0
46066,0
71015,0
77269,0
86725,0
89661,0
42700,1
1518,1
240,1
38851,0
23548,1
59191,2
95423,0
32427,0
16142,0
39109,0
82216,0
822,0
96220,1
41296,0
32038,0
14648,2
6631,0
11254,1
85775,0
13491,0
8308,1
59874,1
74210,1
23154,0
70053,0
9858,0
19261,0
93007,0
48920,3
65911,0
91916,0
19865,0
98613,0
79611,2
98428,0
77586,1
60992,1
14919,0
38361,0
76237,0
43068,0
92604,1
29333,3
89604,1
82038,2
39723,1
2960,0
80571,0
36352,0
19674,1
13145,1
50134,3
36090,0
77703,0
57985,0
79681,0
2982,1
84542,0
46516,0
6208,1
85307,0
6194,1
26820,0
21202,0
16063,0
47183,1
98006,0
56145,1
9936,0
75418,2
19208,0
23088,0
95959,0
68075,0
49012,0
1300,0
27694,2
86873,0
50622,1
64407,1
14204,0
38529,0
47527,0
32435,0
24230,0
64611,1
57116,0
29331,0
47554,1
78697,0
74945,0
49966,1
16535,0
30419,0
64728,0
94705,0
3251,0
78632,0
65869,3
29036,3
54512,0
91818,0
74196,0
17713,1
944,0
80239,1
93796,1
1943,0
13358,0
70975,0
50142,1
27788,1
7123,1
21652,1
75640,1
56527,0
94913,2
22387,1
18500,1
36989,1
58691,0
44504,0
20860,0
72410,0
82664,0
20499,0
56163,0
34175,0
90937,0
3352,1
37082,3
35229,0
28557,0
98471,1
78617,0
98367,0
23177,0
54366,0
57880,1
74552,0
59777,1
84931,1
52137,0
68259,0
90607,0
96616,0
50635,2
39152,1
82789,0
337,1
28847,0
12305,0
32489,0
92269,0
46005,0
33240,1
49409,0
83578,0
33453,0
89217,0
70031,0
37289,0
31338,0
19317,1
52138,2
65717,0
44136,0
17413,0
59588,0
21888,1
81316,0
70745,0
53434,0
96799,0
94390,0
26335,0
43447,0
70642,1
70271,0
32253,0
26680,0
48422,0
62915,2
90336,0
38104,0
35754,1
46287,0
39630,2
18454,0
26908,1
55148,0
44860,1
29435,1
23054,0
82351,2
11567,1
30429,0
11885,0
66595,0
88035,0
57262,1
96677,0
22578,1
95531,1
49935,0
9765,0
65479,0
77711,2
4335,0
29854,0
30101,1
34279,0
75852,0
46557,0
73633,0
52853,0
64875,0
15275,0
65896,0
9492,0
50319,0
51021,0
97623,0
36110,1
8887,2
547,0
67860,3
71648,0
14544,0
77797,0
63424,0
21557,0
43931,0
81371,0
51225,1
76438,1
26122,0
73465,0
85040,0
29446,0
65997,0
93187,2
7883,0
44994,1
25919,3
6998,1
16067,0
22487,0
80077,0
89063,0
68389,0
66951,0
63742,0
25876,3
30886,0
21741,0
18842,0
61489,1
90104,0
11850,0
57638,2
21439,0
28193,1
32742,1
83671,0
17523,1
19712,1
39099,1
14456,0
72732,0
45163,0
74974,0
84482,0
77075,0
36669,0
4106,0
22039,0
14234,0
50486,0
95955,0
85012,0
1748,0
40250,0
1599,1
78568,0
1882,0
7747,0
76939,2
1056,2
93085,0
43099,0
46548,0
87454,0
14738,2
85490,0
46750,0
23692,2
12267,0
5614,1
20329,0
2742,0
62080,0
55744,0
99724,0
71741,1
48039,0
22532,0
31346,0
93034,0
24377,0
85981,2
13283,0
77923,1
55888,0
7519,0
47190,2
13209,1
9300,0
1604,2
80000,0
1850,1
31746,2
35393,1
8309,2
82938,1
87169,1
62099,0
92144,2
7700,1
55384,0
28265,0
93079,0
84552,0
61266,1
50899,1
56929,0
57431,1
95768,3
96639,0
5052,0
71170,0
57792,0
10483,0
58157,1
77099,0
625,0
29556,1
79554,1
13008,0
37757,0
62424,0
82512,1
39375,0
20231,0
17977,0
40729,1
22137,2
42361,0
10321,0
77686,0
89229,0
67068,2
65529,0
75513,0
8451,0
11668,1
28321,1
19786,0
7179,1
60415,0
30824,0
75177,0
90940,0
698,0
58252,0
76154,0
71124,1
17279,0
28888,0
64302,0
52800,2
48139,0
93346,0
77141,0
90833,1
92742,0
78703,0
13333,1
74344,1
59380,0
7850,1
16492,2
37472,0
21577,0
1379,0
38549,1
40980,2
26181,0
67854,1
29612,1
63933,1
22497,0
57525,0
83607,0
52339,0
16288,1
81403,3
81076,0
66853,1
29336,0
93082,0
4002,0
71089,2
83024,0
16673,0
13038,3
36119,3
89992,3
65456,0
81763,0
62923,1
96679,1
90347,0
99885,0
9601,1
45168,0
80532,1
61854,1
92226,0
80136,0
17916,0
19578,0
49411,0
16653,0
52850,0
7349,0
93893,0
5634,0
77037,3
27369,0
8303,2
65497,1
87459,0
68244,0
70521,0
84398,0
52502,0
67773,0
25340,1
60731,0
36290,0
39314,1
77494,0
12011,2
42140,1
71044,0
33711,1
24451,0
58906,0
34109,0
49605,2
19339,1
47267,0
24054,2
37877,1
3463,0
43882,1
2504,0
59071,1
6874,0
58791,0
49864,0
49029,0
7039,0
38640,0
8548,0
45102,0
28640,1
98641,0
51799,0
41426,0
25147,0
75760,0
91946,0
12994,0
73274,2
17766,1
25199,0
90731,0
63206,0
90499,1
57440,1
70582,0
38223,2
87100,0
97532,0
80274,1
67815,0
43057,1
52891,0
53184,1
33365,0
13757,0
21349,0
66933,0
87952,0
54886,0
12116,3
16727,0
67801,1
67038,1
64756,0
84846,0
68661,0
22566,0
59607,0
63012,0
62059,0
78158,1
59989,2
2501,0
41660,0
41216,0
81985,0
6911,0
15927,3
68143,0
852,0
77317,0
85021,0
58383,0
50210,0
93145,0
83073,0
77321,1
61706,3
10076,0
79187,0
4132,0
2698,2
27978,0
28098,2
46942,0
92066,0
2835,0
49980,0
12653,0
15183,0
8331,0
85101,1
38555,1
95297,0
42642,0
73159,2
12921,0
73324,1
60373,2
38514,1
17120,0
33919,0
49850,0
67932,1
32372,0
93143,0
89153,1
7192,1
95732,2
88769,0
71343,0
15298,2
5559,1
10389,0
17898,0
67156,0
30721,0
66257,0
4889,0
602,0
82941,0
26559,0
31920,0
11760,0
93420,0
32142,0
81992,0
90022,0
52958,1
77823,0
8280,0
60667,0
82119,0
19465,0
31969,0
30780,0
82705,0
56952,0
45742,1
65947,1
86194,1
37964,0
83211,1
39893,0
23220,0
81282,0
73327,2
54871,0
86316,0
8913,1
87711,2
45216,0
52507,0
83084,0
25350,0
46928,0
7952,0
93305,2
81179,0
29265,0
70067,2
23645,1
39623,0
70753,0
47945,0
60718,0
97902,0
31866,2
85675,0
58156,0
48172,0
61855,3
97146,0
32719,0
30396,0
27672,0
53921,0
66969,0
20292,0
11267,1
17899,0
79044,0
46819,0
92634,0
66206,0
94363,0
42422,1
99284,0
44015,3
53763,1
93532,3
26510,2
82303,0
6664,1
51451,1
22738,0
9695,0
87233,1
71906,0
17949,0
34521,0
4943,0
2025,0
29742,0
15875,2
25890,0
87213,0
25674,0
40377,0
34837,0
79245,1
7797,2
84761,0
40361,1
13788,0
25040,0
58205,0
82940,0
2585,1
24531,0
92930,0
24287,0
65513,0
94454,1
92846,3
93661,0
14394,0
17163,0
38008,0
47443,0
53688,1
9880,0
35762,0
69075,2
5548,0
76785,0
70542,0
50484,0
29150,0
51719,0
89140,2
29746,1
12934,0
93570,0
54257,1
62077,0
91067,0
25760,0
28030,1
61140,0
1335,0
66919,2
99132,1
8834,1
30535,1
55089,0
69629,0
62737,0
11890,0
25078,0
20396,0
36696,1
14932,0
96424,0
20344,0
23847,0
54372,1
4181,0
25499,0
65726,0
28967,1
46422,0
46579,2
20941,0
7030,3
70068,0
33060,2
12605,2
76961,0
93612,1
39904,0
45497,2
35584,0
97640,1
75547,3
45904,0
31226,3
12836,2
8274,0
55479,0
53768,0
99532,0
70381,1
55045,0
76269,0
54001,0
79361,1
74064,1
45662,3
52975,0
31547,0
21015,2
52710,0
68303,0
38848,0
7190,0
63074,0
84386,1
66,0
86812,0
2411,0
62269,3
51111,2
44931,0
13707,0
64614,1
72504,0
53285,0
3072,0
74559,0
18423,0
25800,0
6492,0
95314,1
93047,0
22346,0
5993,1
68098,0
58445,0
45758,0
34335,0
63898,0
2846,0
48130,0
36834,1
48162,0
63711,0
31679,0
88085,0
55566,0
96316,0
969,1
41635,0
70475,0
26220,0
18785,1
25934,1
34718,1
63076,0
10691,1
64539,0
17801,0
18396,0
61487,0
68186,0
39856,0
88570,2
27301,1
44648,1
65225,2
43425,0
61322,0
37565,0
56783,0
64772,0
85610,0
20864,0
73244,0
51276,0
30393,1
49161,0
25722,1
24025,1
75074,1
75614,0
37594,1
91549,0
53437,0
78800,1
76507,0
17393,0
67967,0
59307,0
84203,0
59586,2
30139,0
87783,2
58339,0
20654,0
20693,0
11327,0
17271,2
45039,0
33495,0
88920,0
96841,0
12439,1
13004,0
22096,2
22153,0
1813,1
50463,0
45525,0
26033,1
44295,1
66246,0
46646,0
23472,2
62148,0
86478,1
33342,3
49878,0
57237,1
8234,0
31994,0
87512,2
26407,0
37676,0
34432,0
85872,0
2819,1
64212,1
45854,0
5754,0
8128,0
79152,1
71167,1
75757,0
56374,0
96749,0
41636,1
50438,0
65188,0
69182,1
43763,0
410,0
94229,0
3588,0
61139,1
408,2
78255,1
39281,1
56744,0
91556,1
42774,0
57932,0
65564,0
16124,0
89287,3
77438,1
67281,2
14362,0
87484,0
28350,1
18997,0
27619,0
84624,2
59391,0
73797,0
35463,2
41006,0
36293,1
3061,1
88609,3
32996,0
73722,0
36815,0
73680,0
10399,0
32950,0
39533,0
42729,0
43467,0
18279,1
40571,1
46689,1
35159,0
65571,2
6248,0
38946,0
69465,0
71444,0
650,0
94572,1
22157,0
53220,0
2640,1
87586,0
57124,0
34619,2
73757,1
32328,2
30399,0
86504,0
36288,0
6895,0
98385,0
81880,0
11873,0
15571,0
29270,0
23039,2
20769,0
76549,0
69348,0
8135,0
68665,0
85073,0
68613,0
77460,2
66498,0
74395,0
2249,0
60050,0
13,0
19600,1
94853,0
13495,1
13210,0
50817,0
74093,0
45827,0
27357,0
20058,0
83401,1
94905,0
29364,2
37478,1
15856,2
28311,1
42990,1
12536,0
95343,0
8575,1
79205,0
26250,0
48935,2
29541,0
24600,1
72922,0
40099,2
88313,3
92876,1
2172,0
52852,1
5549,0
62547,0
8312,0
81628,1
50526,0
41166,0
439,0
78842,2
97407,0
38534,1
85901,0
45346,0
48157,0
88717,0
84424,1
2806,0
35335,0
25855,0
25712,0
53735,1
45335,0
15573,0
77201,0
57797,0
56459,0
43073,0
44291,1
81126,0
78661,0
5535,3
69775,0
31367,0
93428,0
51272,0
73793,0
6006,0
92373,0
75454,0
52282,0
16640,2
2179,1
53609,0
72784,1
55562,2
51412,0
12911,0
73558,0
38957,0
55269,2
36652,1
90863,0
49014,1
34416,3
14252,0
69367,0
83790,0
1324,1
84886,0
51520,1
14099,0
91454,0
47255,3
77255,0
72641,0
79064,0
1890,0
38954,1
58673,2
59810,3
80713,0
14024,0
22433,0
1333,0
40286,2
30527,3
89451,0
21026,0
81242,0
90854,0
32505,0
23572,0
15844,1
49104,0
94513,0
9493,2
48499,0
17440,0
21535,3
77332,0
88146,0
25163,0
62090,3
34209,1
10348,0
75552,0
8207,0
31364,0
55165,0
31835,1
91065,0
32603,0
60870,0
948,0
24340,1
1097,0
61202,1
76513,3
9291,0
81190,1
70185,0
19951,2
12594,0
24136,0
2857,2
27568,0
20896,0
17805,0
92306,0
30685,2
22158,1
9358,0
48083,0
49487,0
77349,0
18695,0
61790,3
93648,2
51062,0
15303,0
84930,1
44685,1
99365,0
73158,1
53333,0
9316,1
13544,0
53128,0
81055,1
53120,0
59985,0
23198,0
19294,0
51553,0
3990,0
40550,0
65671,2
66490,0
4965,0
58932,0
71972,1
81609,0
86891,0
99683,0
61814,0
77660,0
46683,1
56200,1
50044,1
53436,0
3517,0
89841,0
18809,0
1885,3
36187,0
77837,1
81206,0
58866,1
72601,1
53686,0
25055,1
85508,2
99204,2
84870,0
21732,0
83417,0
35717,1
34801,0
46462,0
41297,0
839,0
43721,0
11064,0
19580,0
10415,0
87600,0
26642,0
78381,0
26115,0
58689,0
87329,0
51453,0
47871,0
84686,0
49267,0
727,0
19360,1
79988,1
14870,0
55580,0
18363,0
37978,0
75977,0
41121,0
92112,0
70249,0
92250,0
40210,2
83161,1
9949,0
24495,0
30887,0
93361,0
56641,1
56229,0
95932,0
4314,0
50043,2
98845,0
20486,0
60823,1
74929,0
85847,1
77053,0
66886,0
64709,0
65973,0
84618,0
94990,0
78431,0
22861,0
91264,0
68782,2
4088,0
80542,0
30934,1
93656,2
98370,0
44551,0
99813,1
83325,1
82962,0
20673,0
34741,0
23152,1
42581,0
3329,2
74349,0
99805,0
70758,0
11948,0
45386,2
74987,2
79843,1
40931,0
78635,2
19281,0
49416,1
30262,0
64413,0
5566,0
11063,0
61913,0
53256,0
24684,0
62808,0
5339,2
41224,0
13727,1
67771,1
96605,0
47493,0
47679,0
54021,0
27395,0
81764,0
34187,0
69701,1
57994,0
37661,0
28263,2
75183,1
60561,0
77364,1
98589,0
44306,0
90632,1
60700,1
1543,0
55582,0
37127,3
23605,0
78886,0
93895,0
35811,0
42148,0
78452,2
71833,1
90028,0
62687,2
92063,0
86353,0
13475,2
72556,2
29646,0
54918,0
54120,0
98107,1
27627,0
9654,0
31836,0
83148,0
21549,0
90728,0
47102,1
79104,0
63779,0
82750,0
73716,0
79366,0
84015,0
35316,0
34583,2
58916,0
78808,0
71348,0
52508,0
23608,0
10282,0
18734,0
19637,1
60560,0
11901,0
25075,0
85027,0
62369,0
86595,0
4678,0
54824,0
47488,0
40988,0
72585,0
910,0
5721,1
19345,0
76023,1
52602,2
70659,0
53304,1
67543,0
98491,0
33148,2
2371,0
84625,0
78057,0
8025,0
37604,0
10678,1
56268,0
74608,1
55303,0
99550,0
80416,2
65703,2
3613,0
79208,1
99688,0
33078,0
91072,0
71344,0
15302,0
97487,0
38153,2
14144,0
10266,0
18553,0
9688,0
42034,0
7441,2
37824,2
9088,0
65455,0
39247,0
22593,1
12530,1
33491,1
4279,0
77564,1
91035,3
50824,1
79453,1
73246,0
494,3
97341,0
82468,0
32689,1
58637,1
57460,0
4816,0
18335,1
68989,0
2670,0
60794,0
90453,2
28412,0
70548,1
10736,0
38507,0
39103,0
71625,0
96091,0
25038,1
22592,0
99743,0
82318,0
46044,1
85008,0
45654,0
6855,0
37303,0
45973,0
55215,0
94439,0
52656,0
87850,0
65614,0
97506,1
58346,0
22034,0
16559,0
18942,1
22452,0
64556,0
29601,1
98154,1
83655,1
68987,3
66080,0
48734,0
48982,3
68458,0
77685,1
95139,0
75894,2
75315,0
71137,0
32354,0
1910,0
84059,0
87066,2
88658,1
5012,0
42544,0
33896,1
11633,0
39814,2
9342,1
18804,0
55078,2
95268,2
81987,0
55894,0
9020,0
56330,0
25705,1
40370,0
86379,1
64448,0
36231,0
24212,0
37705,1
26671,1
5906,0
94481,1
99087,0
26163,0
72550,3
55787,0
62220,0
97193,0
34261,0
56720,3
30707,0
52987,3
75344,0
11818,0
59528,1
72523,0
70025,0
67134,0
1028,3
16874,1
88314,1
32070,0
91951,0
4443,1
59730,0
38275,0
18943,0
80046,0
12474,0
20452,0
43779,2
71146,0
93806,0
29396,0
13191,0
632,0
41903,0
93480,1
59976,0
11303,0
99060,1
67933,0
70622,0
76394,3
85431,1
35058,0
21431,0
35424,1
78480,0
76771,0
30334,0
16291,0
13770,0
25814,1
28153,0
50676,1
21057,0
64043,1
47939,0
25182,0
31813,1
4667,0
18598,1
88026,0
95202,0
29236,0
41837,2
88739,1
53213,0
53967,0
92456,0
69193,0
38898,0
778,1
69703,0
4552,1
49154,0
97117,2
5096,0
11234,1
84478,0
85685,0
43651,2
52621,0
19324,2
3011,0
36532,0
58526,0
74459,0
35760,0
53489,1
81333,1
66384,0
91093,0
86649,2
60130,0
37794,0
96948,0
21127,1
692,0
47425,1
92943,1
29122,0
2690,0
77481,1
31422,1
70618,1
29426,1
94995,0
52671,0
94914,1
1350,1
21089,0
51243,0
29800,0
92020,2
1643,0
72575,2
63237,0
72517,0
36070,1
37168,1
6329,0
10315,0
74532,0
80780,0
67464,1
99844,1
17119,0
50979,0
64804,0
45100,1
75711,0
22217,1
63262,1
13385,0
56587,3
19450,0
21695,3
17123,0
7054,0
86213,1
62792,0
55055,0
69417,0
31448,1
6051,0
45838,1
1371,0
53492,0
74588,0
24153,0
43745,0
20075,0
55588,1
23714,2
68893,0
94686,0
38856,1
46591,1
11422,0
46505,0
96543,0
90189,0
47580,0
78109,0
200,1
87221,1
6205,0
67344,0
97998,0
43556,1
63267,0
28732,1
16536,1
47876,0
899,0
74319,1
47237,0
34728,0
44564,0
74365,0
92473,1
51705,0
91186,0
75233,0
13066,2
40947,2
72594,0
73782,2
6444,0
25947,0
57335,1
5816,0
44766,1
85584,0
57216,2
35013,1
86623,0
55110,0
29247,0
49640,0
52641,0
79661,0
90902,0
8867,2
99586,1
849,0
3712,3
9251,1
99615,0
95609,2
72863,0
81029,0
82580,0
68767,2
47513,0
80830,0
86885,1
65506,1
77261,1
69422,0
96646,0
69811,1
34246,0
14253,0
56894,1
42895,2
79548,0
8193,1
87657,0
44131,1
81821,0
2777,1
41371,0
53787,1
74398,0
10955,3
35583,3
25882,1
47634,0
64085,0
36764,1
25875,2
72595,0
6735,0
98321,0
35951,0
78799,1
65708,0
84989,0
51439,0
23905,0
45960,0
50691,1
77523,0
63971,2
15080,1
87168,0
89859,0
52472,0
70813,0
76205,1
13698,1
28088,0
4302,0
97811,0
61374,0
43431,0
12534,0
22326,0
11909,0
28117,3
74572,0
1071,0
61575,0
21566,1
89615,0
21999,0
55296,1
49806,0
28907,1
22005,1
65725,0
94722,0
60257,0
93602,0
51171,0
47894,0
84715,0
22695,1
42193,1
86327,0
60053,1
59457,0
7133,2
96432,1
93780,3
61240,0
28818,2
80570,0
68708,0
74200,1
60847,0
38499,0
28050,1
98756,0
89856,0
26918,0
41442,0
74640,1
54188,0
6588,1
30661,2
58418,0
3872,0
96323,0
69825,1
95227,0
76618,1
31593,0
1660,0
10916,0
42494,2
17001,0
65826,1
25515,3
16596,0
7284,0
63149,0
99251,3
17775,0
20433,0
20687,0
57095,0
74264,1
90201,0
69932,0
96148,0
87878,1
18604,0
58406,0
42466,0
53210,0
77122,2
76019,0
29599,0
92887,0
58349,1
72701,0
83935,0
15478,0
35620,0
37137,1
49365,0
4272,0
92653,0
31938,0
89019,0
14510,1
49593,0
74285,0
56261,0
33434,0
31278,0
75406,0
14022,0
95210,0
61630,0
40404,0
65834,0
9956,1
74389,0
72637,0
12438,2
91257,0
46948,0
77336,0
83704,0
52985,0
54950,2
45410,0
5314,0
55748,0
84849,1
61176,1
60514,0
23573,0
13369,0
31685,0
52714,0
59712,0
32570,1
64058,0
4486,0
54200,0
27100,0
42962,0
42318,0
36944,0
86563,0
67878,2
55039,0
53503,0
31609,0
25785,2
78186,0
42574,0
13030,0
28352,1
21533,0
97397,0
52390,3
23309,0
44524,0
37504,0
11182,0
39382,0
57305,0
34534,0
91491,0
58002,0
63360,3
38781,1
93412,0
76827,0
56411,3
31452,0
61453,1
2003,0
24674,3
16069,0
35167,1
53535,1
70562,0
49192,0
28683,0
62913,0
26724,0
77044,0
89144,0
6999,0
62043,0
11864,2
34532,2
47143,1
61750,1
33054,0
23363,2
42611,0
62025,0
4331,0
46498,2
53799,0
65379,0
53091,0
81493,0
86208,0
97683,3
96459,0
48349,0
30457,0
2611,0
39458,0
86461,0
39449,0
73907,0
7862,2
89421,3
89956,0
20083,3
76377,1
50277,0
46812,0
56758,0
65281,0
81120,0
33519,0
16868,0
2629,0
11013,0
60648,1
2964,0
4740,0
10798,0
93804,2
21526,0
46485,1
12026,0
33173,0
10994,1
14265,2
38942,0
53708,0
74764,0
55021,1
24410,1
47633,0
15173,3
20721,0
76258,0
96413,1
16649,0
57291,0
24660,0
19986,0
24384,0
37076,0
18111,1
74644,0
79908,1
34498,1
52674,0
19100,0
37392,0
9344,0
18911,0
89243,0
27115,0
29395,0
95520,0
30760,0
89192,0
99544,0
59844,0
8701,0
71424,0
69651,0
5791,0
58422,1
21706,2
66654,0
88844,1
5410,0
16960,1
1235,1
73342,1
84036,1
27212,0
64361,0
43638,0
14337,0
90280,1
86558,0
1789,0
69365,1
24439,1
94752,2
3861,0
23203,0
74050,0
45256,0
62057,0
63587,2
87113,1
21191,0
57118,0
63545,0
72167,0
17936,0
64731,0
36042,0
37176,2
65098,0
94812,0
82375,0
13429,0
65772,0
77533,0
49642,0
36976,0
81162,0
64850,0
6502,0
49508,0
38596,1
71547,0
61809,0
29381,1
96598,0
55476,0
60261,0
45943,0
63248,2
87656,1
78307,0
94375,2
9581,2
47678,2
59701,0
53124,0
18630,1
33437,0
92071,0
99018,0
61857,0
69329,0
95887,0
1399,0
64006,0
56476,0
58381,0
13309,0
44972,1
61829,0
45728,0
72141,1
65194,0
8524,0
57623,0
37510,0
35767,1
1406,0
66062,1
86065,0
28612,0
95320,0
56708,0
88105,0
50955,0
64515,0
56804,3
65246,0
65144,0
89890,1
88799,0
68522,1
10731,0
12061,0
79310,0
16176,0
41527,2
51596,2
21134,0
19615,1
74652,0
75109,0
63953,0
93922,2
56637,0
83270,0
27280,0
67749,0
97157,0
31114,0
4506,0
9473,0
20680,1
26985,0
82251,0
74673,3
11562,0
93396,0
58257,0
18086,0
24093,0
36718,1
22825,0
29533,0
81781,0
18166,0
50149,1
53156,0
86539,0
44161,1
90588,0
54707,0
7250,0
73889,2
53268,0
63592,1
10054,2
19381,0
15490,0
68019,1
98909,1
12556,0
80865,0
92773,1
88192,1
61107,1
32337,0
12008,0
51532,0
49050,0
34204,0
15039,0
81679,0
35089,2
95176,0
23712,0
1181,0
74669,0
11484,0
92668,0
23574,1
37131,0
77780,0
12987,0
12641,0
86486,1
74772,0
51152,0
30032,0
34210,0
97609,0
50123,0
62852,0
64262,1
50772,0
79380,0
10333,0
84934,0
16890,0
91092,0
60074,0
60965,1
53531,0
69970,1
14621,1
34698,0
82845,1
33638,0
84056,0
3593,1
55715,0
442,1
8056,2
82411,0
42746,1
59877,0
98946,0
90767,1
73634,0
8780,0
