index,Predicted
97878,
43628,
9712,
80948,
19405,
37225,
67800,
46215,
33684,
963,
32615,
93353,
1469,
94392,
61259,
68275,
52755,
33273,
43605,
95062,
4416,
92301,
42289,
14370,
37727,
78337,
13102,
96029,
21985,
82039,
57398,
39743,
18079,
76361,
45508,
79271,
61593,
13886,
21864,
97563,
45020,
58970,
17879,
27325,
27194,
49624,
96860,
50079,
7641,
49143,
41446,
62583,
88021,
25183,
62597,
29412,
12355,
3805,
74439,
76918,
91629,
79464,
89508,
63483,
18836,
3952,
43796,
18239,
12956,
62584,
18796,
48310,
10033,
61148,
39767,
27987,
59584,
4975,
7005,
34176,
43457,
50046,
69953,
24521,
41029,
51200,
12557,
8579,
75774,
31522,
73948,
37803,
53873,
29975,
17522,
42203,
37747,
40877,
99698,
22691,
76289,
48991,
5018,
71021,
24490,
35417,
38838,
35041,
76547,
71067,
2293,
4359,
50736,
28287,
16721,
32279,
6725,
50252,
29877,
12480,
48494,
81118,
36025,
9975,
57917,
34177,
61839,
29673,
53982,
42411,
62385,
91057,
62344,
67024,
51690,
77392,
55203,
50549,
68073,
83394,
74442,
83412,
62571,
44005,
76504,
25804,
30266,
77084,
66599,
8433,
11472,
61260,
90428,
7,
30415,
49725,
96230,
9292,
57318,
31976,
47727,
24021,
5944,
66207,
88140,
69192,
81577,
11884,
34626,
61337,
40352,
55846,
31811,
51600,
7362,
5806,
98884,
11766,
89288,
38199,
89260,
22395,
35608,
85977,
96370,
23611,
91860,
28343,
74355,
12821,
94519,
61400,
46879,
77773,
29948,
21543,
14783,
79894,
43728,
1128,
50351,
81857,
62682,
58621,
72990,
8748,
13523,
67415,
56463,
59116,
42267,
43302,
79369,
10346,
40564,
69439,
175,
1228,
26882,
30283,
8127,
84911,
74554,
16213,
94259,
40182,
44632,
6395,
62600,
89469,
29156,
28339,
29274,
96237,
52146,
21723,
42390,
20348,
52604,
45778,
73844,
52635,
37967,
6397,
28570,
48168,
59869,
42065,
38687,
87522,
97479,
28956,
14145,
32462,
87841,
49609,
37235,
78500,
22342,
38338,
78542,
13561,
43680,
81238,
49469,
65589,
80932,
96774,
36156,
93549,
52584,
11103,
44195,
81296,
66401,
6590,
9381,
65182,
54595,
42877,
23893,
25276,
35234,
41797,
61554,
78053,
93243,
19412,
50956,
38733,
17207,
23557,
75573,
71863,
92593,
35028,
33824,
99821,
9415,
34567,
9367,
12250,
98240,
28734,
80696,
60268,
96782,
76891,
10558,
98052,
34277,
93110,
38284,
33072,
13126,
57411,
64029,
22422,
94800,
28113,
3077,
45366,
47690,
75423,
41833,
82586,
85822,
51966,
3925,
29804,
98286,
41429,
29647,
47232,
4595,
48815,
32831,
17643,
6803,
76091,
35557,
17009,
20029,
65278,
89667,
95551,
63050,
68639,
99276,
85459,
76938,
85898,
63488,
98915,
9841,
66109,
93705,
50902,
91020,
15071,
90501,
28396,
50420,
59815,
56942,
16441,
62384,
62731,
94532,
43753,
21145,
3324,
41804,
85279,
26869,
9979,
30143,
39687,
28011,
68008,
72807,
34635,
28817,
55635,
4489,
48059,
72399,
76204,
2736,
62918,
1575,
52548,
6727,
63931,
59846,
59295,
38912,
27778,
44168,
83276,
4429,
61742,
52023,
76428,
68929,
92157,
9331,
31978,
44902,
78501,
12408,
7152,
73220,
25160,
85801,
70134,
8456,
75191,
65022,
16274,
28443,
54184,
73804,
97695,
76072,
37894,
11714,
94401,
60582,
27246,
24624,
9661,
93125,
15106,
6833,
37874,
60989,
46954,
21479,
22279,
74848,
48277,
71777,
2678,
19528,
2768,
64696,
21808,
99747,
16762,
85393,
78331,
94603,
3308,
79752,
86994,
95810,
62861,
56282,
50006,
63827,
61610,
14009,
44405,
8425,
53745,
99135,
13736,
33864,
74222,
9343,
69555,
5468,
48146,
24371,
68539,
16221,
94906,
61283,
65384,
10962,
77969,
40939,
43321,
93109,
24718,
73569,
57738,
53597,
58397,
98153,
26234,
96697,
48339,
85319,
56266,
26233,
4229,
56828,
37696,
95189,
63718,
72210,
99520,
72696,
78096,
84317,
66584,
2122,
27494,
84010,
97763,
4231,
29653,
70196,
65741,
89189,
76765,
72004,
43559,
66685,
33513,
61079,
76603,
76219,
386,
20533,
57163,
89558,
91811,
10457,
32771,
12361,
61678,
27197,
77558,
35820,
96445,
2954,
58887,
19850,
52317,
62900,
59174,
17557,
21745,
84018,
39176,
30284,
94999,
17127,
33368,
514,
41535,
43217,
38121,
35573,
15763,
92793,
87661,
55665,
84902,
36900,
92395,
60732,
78506,
71216,
84966,
93631,
23385,
13578,
76712,
31441,
3653,
60850,
5347,
93704,
90061,
10862,
67604,
87610,
67549,
2983,
32806,
79393,
93936,
41601,
88349,
59122,
41539,
41400,
82591,
87215,
99589,
83941,
57666,
241,
77461,
95753,
9044,
37683,
41910,
13188,
97457,
50793,
75393,
53828,
2816,
75544,
73497,
32357,
71575,
8774,
98200,
3723,
82369,
76676,
94385,
63913,
23803,
49921,
45402,
37809,
67516,
8097,
8120,
66573,
25174,
74370,
18341,
3882,
57945,
12820,
64159,
68456,
87611,
73075,
91475,
70090,
56919,
52948,
69158,
56246,
87892,
63840,
29649,
41380,
39365,
689,
77524,
31638,
32776,
40088,
93111,
20805,
405,
61592,
70583,
1394,
95774,
63343,
71177,
87719,
21754,
27235,
5653,
71288,
70432,
84038,
61604,
36032,
51654,
42914,
15813,
1666,
63573,
91227,
94634,
27580,
33713,
77059,
96383,
22747,
41738,
64066,
13681,
61713,
14457,
24827,
526,
89537,
14005,
36322,
36998,
88861,
41457,
89121,
35486,
74601,
61899,
95537,
73666,
31837,
90254,
48086,
49181,
28841,
85213,
9290,
64008,
90004,
16693,
82165,
57935,
55480,
89353,
13810,
70180,
54660,
6977,
29404,
37680,
43291,
85882,
32399,
73970,
24165,
99558,
77743,
55112,
92858,
14606,
1169,
40948,
59001,
95739,
91247,
21320,
39326,
35340,
24367,
94849,
5201,
79153,
35745,
37836,
24346,
21503,
31721,
34480,
62052,
74476,
46153,
47507,
63152,
10207,
61109,
6021,
48760,
58777,
17942,
41957,
90749,
6987,
27871,
91353,
41244,
91244,
13799,
81109,
34323,
46332,
79128,
24126,
30468,
83025,
23556,
53653,
31970,
56269,
33975,
44054,
72451,
90014,
82575,
33134,
60,
95350,
75197,
22950,
29112,
98132,
69134,
82939,
44691,
58831,
78951,
11857,
100,
71700,
42668,
40031,
59568,
26441,
83544,
96779,
83724,
69742,
10423,
1517,
25203,
41189,
96735,
56879,
38589,
173,
12682,
71478,
91494,
64635,
63669,
55838,
36158,
1684,
87769,
38030,
67431,
69739,
75769,
21481,
63662,
18593,
97187,
97089,
32620,
10711,
15732,
74566,
71415,
12967,
92760,
19772,
79558,
38496,
15356,
57762,
27287,
76772,
37632,
60879,
14170,
63089,
46520,
8543,
52646,
74472,
17136,
20605,
62409,
43612,
53958,
56610,
50342,
44072,
51861,
1845,
27695,
1274,
1225,
55987,
33091,
73392,
96919,
99187,
37141,
98527,
29217,
23881,
41790,
67505,
60416,
12062,
33339,
60444,
24213,
87607,
86206,
14089,
61587,
16547,
68995,
49938,
65756,
64447,
16012,
93516,
2196,
2205,
42363,
62798,
54045,
57058,
2696,
49957,
37329,
33954,
898,
31703,
30425,
34858,
87939,
62192,
99237,
9510,
131,
17342,
31854,
10465,
93798,
7121,
28715,
20107,
950,
43408,
56564,
64452,
69988,
80257,
95017,
20802,
85859,
21501,
57642,
41094,
80030,
88088,
7139,
25009,
30723,
52993,
73349,
66124,
48483,
13480,
98051,
90397,
55706,
95564,
73846,
97155,
1250,
5694,
87037,
80633,
33670,
29940,
80260,
32527,
93049,
52944,
64195,
53222,
39092,
11058,
36230,
60252,
35072,
64010,
35798,
28110,
14363,
85836,
47530,
55590,
63059,
76099,
70545,
41510,
40104,
15606,
94784,
73888,
97435,
4808,
93855,
96430,
22609,
28902,
78939,
97072,
6957,
1101,
10789,
68448,
34165,
61442,
36666,
53013,
74435,
72741,
59806,
13547,
77054,
47448,
53855,
25585,
66211,
64733,
52001,
52821,
69892,
83699,
26683,
52780,
76000,
81153,
77965,
95684,
19312,
80999,
7566,
77664,
56123,
15248,
90737,
48071,
25963,
57742,
34002,
94030,
49306,
24676,
48090,
1092,
70085,
29139,
85230,
3597,
32152,
85865,
50059,
90801,
35884,
40446,
11642,
9583,
68366,
17260,
9922,
62082,
44494,
47414,
31993,
14649,
33878,
94353,
81392,
34749,
45048,
73135,
34180,
28190,
30450,
45061,
23366,
3905,
44576,
23698,
16872,
72509,
99004,
74505,
4536,
71540,
46323,
21224,
86245,
82302,
49164,
12373,
8874,
20022,
91060,
32828,
30665,
61867,
91700,
35735,
97660,
27040,
4454,
19541,
19945,
7327,
27527,
14874,
61199,
78646,
73184,
97194,
70309,
72839,
63792,
20305,
41682,
31122,
8819,
61602,
5046,
30001,
6163,
29981,
83006,
4026,
95464,
22287,
30464,
36745,
35801,
42712,
33721,
42902,
13553,
62528,
30094,
36818,
30478,
31975,
6513,
82534,
41420,
43095,
20362,
42236,
46368,
76191,
98821,
21297,
61070,
19818,
39555,
22739,
51195,
70666,
39874,
14465,
27286,
77931,
94377,
45509,
92595,
81462,
22921,
76045,
94153,
14236,
65181,
63400,
48572,
51251,
51895,
17835,
26580,
10613,
65900,
36200,
16545,
303,
60171,
24047,
12745,
71003,
49257,
41932,
20183,
23535,
84665,
44831,
20898,
91672,
47395,
59753,
74483,
26224,
82063,
88877,
89639,
61401,
27589,
76578,
86251,
64023,
15408,
54860,
40058,
35797,
40507,
15801,
69464,
10958,
51940,
46656,
16930,
61937,
81839,
75214,
23106,
29659,
53690,
83676,
19591,
7459,
92416,
61170,
23087,
46732,
85292,
57334,
7869,
81838,
68580,
53753,
45772,
14900,
82278,
1220,
62439,
44442,
52761,
63970,
44433,
70140,
39015,
99015,
24566,
46430,
35141,
37112,
79142,
40442,
25140,
57342,
8514,
29755,
88821,
96969,
44133,
36350,
71682,
21223,
90687,
90251,
53349,
41210,
7449,
67599,
34118,
46687,
27491,
16146,
32022,
24555,
95812,
77789,
55350,
88789,
74589,
44946,
70667,
56792,
47818,
86714,
74852,
71350,
14191,
25184,
11988,
8103,
49263,
6438,
67016,
73836,
36893,
78878,
68300,
82437,
53086,
60470,
83010,
72709,
50538,
61896,
54263,
54938,
47813,
12349,
52394,
5952,
93000,
93681,
52151,
81124,
99372,
87710,
74496,
4157,
90853,
79004,
90571,
10482,
74183,
52889,
70826,
39632,
70075,
22145,
2039,
83198,
74449,
37446,
33044,
86319,
4947,
13730,
10650,
49458,
59013,
24818,
89538,
65292,
25465,
6072,
91559,
85188,
66681,
64923,
75114,
78288,
76814,
10194,
7644,
52298,
77820,
65380,
35413,
6645,
92783,
46069,
14810,
51489,
15256,
45401,
41135,
81434,
18155,
85452,
87004,
98194,
75082,
17591,
74424,
1864,
14290,
95274,
66495,
53896,
65796,
71587,
93028,
72165,
97221,
4837,
69625,
24630,
87061,
13781,
21924,
26505,
21378,
66844,
56730,
98934,
6516,
98083,
18217,
89024,
41950,
18125,
65507,
14415,
1377,
42025,
88932,
13823,
35810,
11121,
94828,
17351,
56248,
54153,
41161,
22548,
14175,
76605,
60913,
17407,
46367,
22620,
40695,
71461,
77371,
95412,
26214,
120,
78753,
84182,
8361,
31548,
59537,
25852,
83677,
40004,
11008,
26461,
41933,
82859,
71466,
86887,
66506,
66980,
93771,
55395,
81832,
28296,
50374,
52114,
79592,
93575,
11589,
41022,
10195,
14052,
60864,
91724,
79511,
87130,
11613,
27540,
41922,
61288,
70761,
186,
38252,
79811,
39932,
72490,
70555,
37275,
87250,
47785,
71273,
29664,
4626,
10821,
24231,
65219,
62672,
41823,
67262,
25624,
24167,
56706,
28058,
48440,
90839,
53053,
9243,
43895,
68032,
51422,
99361,
57628,
53715,
81712,
36438,
8203,
83398,
97842,
75518,
6556,
51157,
76313,
6860,
35993,
90688,
77082,
62135,
86066,
8278,
73720,
42030,
52826,
41123,
57697,
13971,
80400,
77172,
30114,
33635,
96727,
43591,
29538,
29833,
95267,
69918,
70409,
45950,
35724,
37330,
13674,
31109,
26835,
89146,
56251,
74278,
28483,
4684,
2948,
60315,
81510,
89493,
65103,
1728,
11148,
72105,
31214,
92311,
19685,
4375,
29093,
84852,
21739,
85545,
24478,
1782,
7406,
84587,
43978,
55630,
10396,
23644,
34174,
7019,
97680,
88518,
23331,
60217,
71849,
62628,
59328,
17069,
31244,
1171,
87189,
94265,
33081,
27482,
25688,
75362,
13989,
63037,
20395,
4726,
92382,
87238,
31666,
13446,
41879,
29191,
63168,
95000,
23360,
72143,
57346,
42988,
64062,
44260,
91342,
3491,
17268,
42767,
21607,
75548,
47973,
12769,
55740,
14473,
33119,
57199,
60169,
62055,
31916,
2052,
44218,
95232,
26772,
24897,
79343,
8146,
39961,
23840,
16510,
36495,
43093,
23336,
85300,
33602,
13119,
78857,
26527,
75131,
40159,
63548,
66902,
18397,
82593,
73058,
32818,
21870,
79463,
20723,
69146,
56092,
94498,
92798,
21275,
78157,
91349,
72228,
81564,
44864,
36632,
37414,
3199,
14463,
5702,
35714,
18683,
99951,
58145,
68562,
61508,
16273,
97864,
47003,
46964,
74489,
75001,
63990,
45784,
80758,
71692,
66121,
63642,
38697,
473,
94648,
8618,
13835,
25708,
44662,
30240,
72521,
95201,
54835,
67221,
13250,
25981,
18320,
68658,
66079,
79462,
17756,
38822,
50449,
73821,
32019,
96157,
45779,
68329,
31324,
40568,
38453,
75374,
91049,
54607,
92797,
70478,
34274,
62650,
97196,
71371,
49033,
68272,
18421,
53090,
39528,
37165,
74448,
92107,
25219,
21711,
90623,
60677,
57268,
36038,
9428,
70042,
98373,
60197,
13449,
89458,
65166,
80158,
70176,
79164,
47377,
65613,
93020,
70967,
30821,
74388,
49978,
68717,
77841,
20068,
19477,
70652,
14951,
92746,
83571,
3570,
17147,
85297,
89971,
51104,
87968,
90322,
97802,
58914,
44165,
29021,
74115,
56728,
74390,
33808,
87497,
34639,
65201,
82397,
6969,
12852,
69895,
98155,
38006,
19219,
41647,
47284,
91477,
7654,
56774,
29135,
58034,
42389,
94382,
41398,
83116,
37702,
56654,
73962,
68793,
62937,
36171,
24690,
33112,
45315,
24223,
31935,
31272,
13623,
51990,
85833,
8346,
69060,
50957,
60779,
57461,
90238,
68521,
59345,
87728,
49585,
34846,
56472,
35115,
46400,
70055,
255,
4176,
24501,
68576,
33908,
98018,
29293,
73456,
6363,
54917,
54716,
11734,
976,
40402,
88065,
52341,
44720,
35364,
52660,
15321,
39187,
33915,
86412,
34539,
48304,
2739,
606,
64685,
62103,
55035,
53548,
64443,
84613,
76215,
59105,
28501,
53009,
53890,
506,
65439,
33389,
45683,
65646,
23699,
86796,
14914,
67365,
3669,
7926,
77605,
48582,
65414,
18284,
60993,
58799,
14301,
45377,
72946,
947,
63251,
61658,
70779,
85913,
98735,
93944,
4177,
98453,
56963,
63467,
9410,
37011,
59904,
60798,
94077,
24753,
21464,
58171,
21514,
36035,
72430,
79261,
7904,
12384,
54313,
67409,
92240,
73170,
34120,
12585,
8949,
79039,
45688,
16232,
41937,
30859,
75837,
47278,
84490,
11230,
72822,
11060,
19529,
6827,
11944,
35238,
7777,
59544,
62813,
2341,
27828,
50435,
44367,
8460,
16484,
5476,
65161,
24226,
72804,
9935,
85405,
88996,
89041,
11820,
19116,
60131,
30719,
90435,
54032,
73996,
51352,
34327,
66290,
92243,
90931,
61704,
84122,
69138,
49879,
24174,
25082,
14157,
15636,
82635,
20621,
28952,
57820,
72489,
6133,
16645,
93894,
57653,
49956,
70868,
74156,
46550,
48361,
98007,
64718,
63777,
43925,
73492,
31132,
99406,
80127,
92534,
42495,
3076,
7810,
19948,
8983,
47220,
21437,
31904,
14002,
6125,
87928,
40662,
71077,
59023,
13479,
93735,
96183,
97548,
30402,
72670,
28506,
42798,
47914,
4994,
35660,
56377,
93104,
95284,
96707,
29736,
82739,
80159,
47576,
27768,
39579,
4800,
47258,
13539,
39229,
16389,
5911,
56081,
88985,
72351,
68762,
13899,
88170,
8089,
66119,
83484,
49255,
65702,
76233,
39631,
65228,
24310,
44316,
3594,
22285,
60997,
59885,
87296,
58117,
48502,
93614,
49095,
70336,
11933,
59558,
80186,
2477,
98877,
16606,
76329,
33413,
62862,
39839,
54873,
24184,
52769,
47337,
6555,
70509,
40151,
52098,
31615,
12831,
84372,
51761,
2421,
75287,
84422,
47265,
76543,
74462,
67872,
5678,
14680,
43038,
39003,
42189,
30290,
97333,
83490,
3258,
29059,
63404,
53242,
8501,
29045,
66467,
76586,
2230,
50645,
35833,
1254,
69683,
71582,
51441,
68226,
12196,
78020,
26655,
18746,
33069,
31784,
9641,
94912,
29070,
23186,
8191,
58683,
48733,
81539,
24781,
99210,
96242,
61890,
21925,
46737,
77662,
47969,
32890,
88465,
13298,
97210,
85842,
53585,
97450,
27453,
15047,
32896,
27844,
29805,
3762,
78105,
33286,
42058,
55239,
10866,
16425,
38666,
22397,
27030,
30912,
68595,
30223,
13293,
48203,
73723,
86850,
15679,
3242,
82661,
15463,
2346,
18865,
47394,
44407,
35343,
29208,
51256,
58665,
20557,
33945,
5320,
99055,
5464,
15720,
35657,
43322,
82785,
99619,
84067,
60275,
20763,
52978,
87908,
57362,
97558,
24129,
15152,
15005,
69723,
36583,
59338,
57971,
4623,
56156,
4955,
80283,
40389,
48856,
2328,
83178,
48030,
97620,
85102,
71871,
45987,
52979,
15166,
41653,
10344,
28319,
45629,
99943,
5427,
8214,
2002,
93290,
25102,
82025,
31944,
89543,
46132,
88196,
42555,
29705,
59990,
74833,
68099,
33089,
49565,
28176,
39754,
63363,
19295,
33552,
16789,
5553,
84973,
11969,
85373,
79522,
83386,
6084,
81011,
68802,
15122,
26573,
77116,
40617,
47780,
95092,
75699,
92350,
45516,
93657,
93365,
76304,
93752,
35009,
46234,
74039,
53192,
1716,
67856,
26666,
89387,
93343,
40342,
37324,
89909,
35379,
88178,
41562,
63367,
57197,
93678,
98673,
39453,
35188,
23777,
56843,
45144,
54161,
702,
4573,
13980,
45008,
86441,
35817,
72865,
20323,
99062,
82606,
86819,
91666,
44956,
65961,
19822,
68621,
77215,
72660,
82816,
67448,
7285,
71400,
13684,
51452,
98098,
26052,
32865,
17063,
5194,
99824,
33673,
23877,
39062,
46652,
18736,
15214,
11755,
75442,
68548,
54891,
53087,
14524,
41231,
56862,
20792,
11117,
66986,
92075,
4064,
72029,
69866,
75765,
7629,
2508,
97275,
70184,
38062,
79478,
60158,
29757,
67506,
48357,
13266,
29525,
32195,
49159,
51607,
33105,
37351,
60650,
8728,
82413,
98435,
4739,
29670,
14848,
31674,
47658,
73042,
66574,
36957,
92401,
28885,
67567,
88487,
26929,
49829,
40090,
40313,
47875,
12264,
25289,
22430,
65265,
50291,
57480,
4055,
28859,
42828,
37895,
37617,
9082,
70410,
755,
25380,
21786,
19275,
74759,
77675,
77273,
52770,
69936,
61859,
84547,
21954,
63683,
83128,
87392,
50639,
89711,
84630,
37932,
87279,
28566,
59397,
7099,
25509,
18710,
19486,
29504,
52301,
83374,
22936,
98634,
19221,
25595,
26324,
59095,
19436,
86036,
70775,
78399,
90879,
80681,
83892,
57044,
61930,
80315,
33731,
6183,
47011,
30242,
86294,
93206,
19369,
12959,
2061,
45211,
15676,
37730,
2970,
1086,
95369,
19159,
53943,
57271,
60269,
27031,
36117,
4009,
85732,
69154,
2638,
36456,
88466,
48360,
89723,
27150,
48564,
5939,
73389,
30713,
2422,
65024,
10767,
2579,
45494,
71720,
98386,
36083,
7135,
14747,
49450,
27087,
18435,
81436,
15892,
2721,
76306,
95813,
49512,
37722,
24746,
63068,
17445,
32291,
96992,
88344,
83359,
70246,
39603,
14490,
48489,
95108,
9010,
76118,
80988,
6166,
67720,
30074,
76722,
90270,
36658,
95198,
26190,
96629,
47114,
10115,
4720,
64206,
4332,
43746,
77712,
94414,
39542,
51796,
55647,
77890,
73010,
77241,
26452,
5929,
16083,
58804,
38180,
76261,
23484,
42792,
10212,
66462,
35425,
67978,
90199,
48932,
71451,
8245,
27484,
19671,
68495,
14326,
64482,
79181,
24642,
65502,
63776,
46774,
34355,
29002,
8008,
84072,
23364,
26133,
23534,
44871,
57581,
48433,
34939,
11730,
8249,
98402,
44677,
78768,
69968,
24918,
53130,
61484,
55254,
99256,
95366,
72618,
54868,
63796,
4897,
66546,
2989,
42447,
57850,
50120,
93988,
69430,
56851,
99329,
35061,
89577,
83882,
24123,
53411,
48569,
79467,
89763,
34825,
48068,
814,
5393,
32529,
45487,
88970,
32468,
36773,
15505,
66266,
20707,
92909,
21207,
30975,
88606,
77567,
93139,
39647,
20034,
72144,
43550,
35420,
24741,
8978,
88280,
39668,
9026,
64501,
34128,
63284,
57584,
47923,
88154,
12098,
16616,
9985,
34929,
67152,
36561,
46055,
41370,
57511,
11750,
82492,
81617,
8490,
17137,
2182,
23919,
75021,
19931,
89657,
89696,
137,
29154,
96599,
20413,
3975,
29914,
42730,
41440,
37829,
62598,
21756,
49563,
20322,
1988,
53350,
47932,
49981,
18788,
30797,
63664,
32500,
44680,
68209,
1965,
14016,
21700,
3879,
24957,
12581,
82134,
9899,
97403,
20573,
50380,
93348,
31049,
88852,
15437,
8347,
98541,
87119,
17871,
51317,
94314,
62685,
34178,
87246,
77955,
29064,
71593,
76222,
16449,
9072,
75090,
63985,
50198,
83651,
92381,
49556,
25381,
10271,
78643,
29711,
53710,
8369,
15902,
34402,
95950,
52043,
19718,
96282,
49360,
61336,
97050,
78820,
45889,
86293,
55124,
88106,
49437,
20705,
30540,
98120,
20035,
41919,
46264,
76206,
1520,
27101,
81705,
90772,
45874,
11681,
71208,
24057,
34584,
62721,
88208,
14139,
79058,
35598,
89420,
94371,
58389,
23158,
41303,
80312,
73201,
81286,
71151,
8849,
93119,
56254,
92276,
98739,
91014,
30716,
80237,
62658,
65894,
4039,
82255,
60186,
5958,
11089,
54432,
36961,
64454,
25065,
35913,
99105,
20865,
36940,
56829,
83114,
73461,
13515,
5864,
29535,
77159,
26770,
12558,
96026,
64866,
52449,
18055,
87771,
79304,
87588,
98625,
73306,
57065,
83900,
74162,
95427,
93940,
10220,
88800,
74730,
85818,
30152,
5063,
18381,
24379,
93537,
34196,
45797,
84334,
13234,
95708,
20665,
61975,
3850,
27006,
18748,
59195,
41862,
65458,
21844,
33687,
33316,
45068,
22978,
54044,
65240,
85264,
22423,
13355,
98838,
73215,
3784,
62969,
35646,
47933,
97560,
69850,
97038,
30489,
97781,
65360,
35605,
2008,
17778,
33962,
20988,
32377,
75227,
5920,
29148,
40431,
55516,
89633,
25195,
80253,
4014,
21713,
77615,
93859,
38619,
24921,
99847,
31599,
67389,
43929,
79605,
3656,
81855,
8048,
33747,
98578,
79932,
6642,
41198,
85603,
22944,
80927,
85255,
92171,
50728,
13953,
55376,
35481,
69051,
41918,
89931,
82141,
31549,
26784,
59412,
25519,
97440,
95819,
2110,
34142,
75261,
75457,
96709,
47684,
99096,
57761,
56863,
66775,
33984,
94527,
16205,
46787,
33545,
96872,
7489,
24005,
79564,
33516,
27881,
8493,
18860,
31778,
13043,
78994,
82178,
34363,
25553,
48931,
69145,
38731,
12378,
66299,
83499,
97021,
24991,
70062,
64928,
11921,
58451,
59760,
39111,
12184,
43391,
57226,
47280,
4270,
49847,
29702,
37439,
24885,
1967,
74741,
88699,
43331,
50594,
49669,
39360,
1313,
25642,
73120,
812,
22840,
75281,
25396,
82464,
53265,
24506,
71800,
27809,
88480,
8633,
12399,
69156,
79927,
24884,
43861,
8341,
30706,
5197,
60634,
73760,
66496,
63294,
72971,
6731,
79697,
64811,
97101,
12609,
78510,
89997,
55497,
11252,
61389,
12835,
36791,
51677,
19843,
59960,
8984,
85311,
8246,
36395,
18877,
92219,
95318,
75874,
26264,
50404,
69569,
33409,
96873,
30494,
8003,
95535,
3212,
64836,
29196,
51356,
30537,
47758,
11842,
15208,
5265,
53701,
83186,
16457,
54780,
96143,
53063,
18753,
76544,
81188,
45634,
73334,
52393,
92376,
7882,
58351,
25682,
11309,
14475,
55852,
61659,
77783,
77164,
88231,
12928,
70347,
99138,
14665,
95326,
44040,
53894,
3950,
38068,
88532,
80373,
2528,
68364,
9623,
4112,
75305,
61396,
48679,
83157,
20162,
58110,
91539,
52083,
21474,
78736,
21654,
13987,
86409,
22893,
78206,
51188,
2387,
4198,
22945,
10676,
48977,
95902,
21568,
31793,
48728,
44463,
11284,
27129,
84580,
3823,
97530,
59896,
28111,
26928,
65177,
59190,
27563,
61806,
34775,
77782,
11808,
95047,
49839,
7075,
8604,
51821,
7993,
55840,
63907,
78310,
46405,
31961,
5737,
41399,
99022,
45280,
63720,
53973,
25447,
42170,
11740,
67947,
73043,
96584,
99954,
53291,
7461,
93729,
96645,
47103,
45124,
76345,
60567,
52254,
28387,
20760,
89431,
98047,
24706,
31493,
78010,
99185,
64335,
36634,
37116,
89600,
81913,
86717,
25159,
57338,
7391,
92001,
67591,
56815,
87663,
55368,
50326,
92424,
97208,
67123,
44187,
97740,
52719,
20404,
93331,
48568,
69063,
18442,
91207,
40164,
72172,
57131,
27264,
12085,
86681,
33098,
69580,
13617,
8809,
64955,
46581,
11330,
92602,
6818,
40540,
19539,
12126,
52413,
85440,
71346,
57580,
91365,
2734,
9945,
85570,
69434,
81782,
24247,
83286,
19112,
37848,
90602,
10959,
91106,
31047,
21288,
28665,
73588,
45371,
45744,
83799,
25870,
62476,
96327,
9672,
70367,
35321,
42541,
94982,
10993,
9009,
80569,
45842,
51608,
14202,
72632,
35212,
98882,
9194,
65673,
44146,
39086,
55069,
93029,
26189,
49853,
89752,
54631,
46015,
41410,
20659,
47329,
8271,
31518,
1634,
17004,
28527,
23325,
22163,
46495,
42442,
99357,
60360,
85120,
1472,
15565,
99588,
87468,
30965,
53052,
30297,
71631,
40762,
66181,
33902,
99474,
60869,
44310,
74153,
22408,
77377,
96181,
13133,
91945,
69730,
96240,
50158,
48154,
16599,
14021,
79358,
71801,
37970,
54037,
31273,
10463,
16699,
57464,
84301,
32077,
99417,
16688,
23410,
45186,
37023,
34110,
75667,
12964,
90655,
63082,
70143,
41747,
65065,
63886,
808,
48632,
77814,
17615,
80486,
9886,
43376,
16042,
38612,
89915,
68765,
64586,
50276,
99928,
98243,
94556,
13223,
15614,
41011,
27702,
5983,
79321,
80433,
23751,
53499,
82915,
24396,
99412,
70764,
8226,
47199,
75599,
43730,
3426,
46281,
84646,
70806,
50952,
12862,
99449,
579,
2,
52310,
35223,
5758,
56676,
1112,
47260,
66237,
62002,
70842,
73480,
92771,
28936,
93416,
59861,
75738,
23565,
69700,
41498,
63413,
74847,
57353,
63656,
48534,
89949,
71570,
80737,
18509,
69614,
76134,
29299,
97495,
5168,
45063,
60443,
63218,
11532,
22463,
95656,
36493,
3022,
1383,
28736,
84345,
13206,
40315,
6765,
24386,
5196,
39995,
67006,
27810,
63188,
81075,
75587,
39744,
27813,
45574,
90262,
12850,
80973,
94081,
72115,
99549,
80653,
94355,
79034,
31307,
50127,
50370,
44935,
783,
61093,
33789,
11319,
10504,
44000,
42768,
37332,
42328,
51744,
8466,
44410,
56317,
97774,
49039,
91163,
36668,
84789,
99706,
2709,
63639,
72328,
38901,
7536,
4480,
53776,
2797,
80586,
93767,
28258,
49996,
4819,
25957,
37971,
90194,
76176,
58554,
3447,
686,
9600,
74250,
72135,
23083,
53261,
95725,
62920,
72770,
56760,
89643,
17626,
60411,
80643,
31672,
84053,
31754,
19127,
34470,
91896,
68896,
36489,
20369,
8350,
7196,
14013,
65027,
14798,
80212,
66535,
12718,
10409,
44939,
75659,
29716,
93434,
99219,
97997,
7546,
55031,
86496,
6287,
26688,
39793,
75360,
41033,
95321,
13771,
63324,
72565,
49633,
28456,
68672,
45263,
51223,
64423,
96360,
41430,
22185,
93399,
75428,
80838,
92901,
33056,
93363,
88558,
94650,
73940,
70544,
2446,
92280,
4597,
26587,
35350,
68480,
45054,
13790,
75467,
93511,
54201,
81888,
97917,
9738,
62400,
98430,
75162,
51558,
68348,
12741,
63085,
88375,
72903,
42569,
27834,
43342,
31512,
13936,
65046,
1242,
41566,
9472,
16553,
96831,
43687,
55432,
12669,
94458,
54834,
24195,
54136,
1977,
7312,
84012,
61029,
4645,
52452,
7199,
24603,
42185,
82931,
99367,
71228,
16980,
97084,
86115,
26715,
86590,
81102,
62799,
27890,
84903,
24155,
76881,
54224,
25877,
75795,
98672,
38788,
83804,
88377,
985,
47030,
95606,
95622,
68218,
77256,
78704,
16504,
19573,
80717,
81562,
40714,
43406,
5270,
867,
32601,
54523,
12840,
45201,
39050,
57368,
88633,
30272,
1122,
36327,
73992,
83480,
67585,
70114,
90526,
77218,
80551,
5782,
24515,
23896,
41526,
15850,
85248,
96010,
11930,
25731,
55816,
84872,
6337,
15433,
49103,
72380,
59315,
52395,
26653,
16310,
97919,
37801,
4756,
21244,
80747,
60152,
6708,
77424,
59373,
67865,
21583,
62264,
65137,
36814,
25571,
18233,
37758,
76637,
15528,
63901,
60622,
22093,
85045,
25885,
5608,
72437,
87266,
86001,
44350,
71102,
81364,
1214,
1093,
40738,
75633,
1628,
24602,
94684,
49318,
25734,
99632,
94737,
46207,
95565,
34499,
73664,
44012,
1001,
87839,
20014,
59056,
99339,
95313,
30901,
14944,
47703,
1900,
15738,
48739,
63304,
6547,
67227,
16001,
56176,
73811,
43279,
31134,
98607,
87543,
81050,
57269,
90105,
23965,
1942,
11476,
49541,
40601,
99990,
20562,
23034,
12756,
267,
27984,
70881,
95560,
12661,
57926,
24974,
36269,
29522,
95986,
65972,
88595,
24029,
66767,
30282,
53345,
39393,
54232,
94646,
38218,
63532,
36272,
45409,
80070,
46863,
76854,
66823,
28280,
44100,
84726,
21956,
27303,
1594,
96032,
92446,
74376,
46651,
7693,
5770,
33308,
86569,
45587,
40301,
90375,
65442,
36959,
67335,
81646,
9319,
83740,
65130,
52980,
92174,
19183,
60930,
95885,
47186,
86199,
28081,
32395,
40493,
74138,
52347,
12358,
30909,
76189,
63948,
35996,
87067,
64308,
47799,
9122,
63523,
99625,
61518,
63157,
92408,
92377,
98973,
28564,
3063,
93051,
96358,
98189,
75439,
18505,
69150,
86114,
60176,
44918,
49057,
61437,
11079,
88237,
89504,
1031,
89037,
10608,
93649,
69170,
78512,
58764,
70914,
35016,
87324,
74878,
25243,
95926,
72090,
3295,
72977,
1252,
13911,
85038,
66193,
37105,
80206,
86029,
24049,
24114,
24899,
99325,
79089,
81098,
78931,
90989,
69637,
90246,
52321,
63414,
50561,
76365,
82473,
64519,
66389,
65594,
53165,
72742,
21537,
36497,
28444,
5956,
26363,
73188,
36880,
32959,
5002,
90790,
48653,
56864,
25017,
28053,
41200,
77682,
18471,
62490,
42573,
8345,
21982,
69631,
89450,
94347,
86413,
34354,
78719,
78859,
8134,
64074,
57582,
95028,
12606,
98040,
56211,
39913,
61462,
84660,
36802,
92164,
41641,
73815,
40072,
36525,
99569,
76576,
49386,
81088,
28364,
89419,
26506,
50118,
19990,
69734,
20706,
92461,
44633,
75062,
36285,
50749,
19276,
26378,
88463,
27283,
42461,
31447,
90372,
9240,
72699,
93257,
46260,
71265,
71020,
98506,
20936,
90222,
73147,
84170,
60225,
97782,
91742,
76782,
9756,
11167,
41312,
47328,
89911,
38238,
16663,
18530,
63919,
16041,
64598,
36942,
67195,
52546,
35395,
95995,
19524,
78088,
80962,
96404,
31489,
4427,
53565,
24539,
29881,
87527,
76713,
73088,
6916,
99938,
60445,
4032,
57349,
15452,
74220,
21400,
31232,
97389,
31507,
4697,
203,
55345,
21312,
6592,
9273,
41358,
84086,
91621,
80296,
79684,
57111,
4545,
26678,
94673,
45456,
96713,
82783,
63661,
9465,
40258,
42624,
54483,
42562,
28145,
73154,
14217,
72054,
86617,
52369,
48992,
17940,
95968,
24775,
1526,
5399,
64013,
83668,
52706,
34851,
79158,
31379,
47282,
69495,
11749,
24881,
31815,
12423,
85916,
40295,
61261,
21416,
67232,
53781,
67711,
81978,
92248,
69015,
71388,
24585,
8738,
5477,
32506,
92154,
24623,
76336,
35043,
21517,
70834,
71585,
37090,
87787,
67566,
20242,
81869,
34291,
27535,
1552,
16305,
17050,
41860,
4843,
42430,
87525,
68459,
92631,
30989,
26287,
19952,
50328,
81739,
44999,
81389,
21848,
30728,
26807,
37326,
59751,
67284,
43354,
45086,
37262,
52431,
42382,
26434,
34887,
55123,
90775,
2351,
13153,
41405,
38820,
35409,
41501,
68682,
97412,
13398,
33200,
19827,
31893,
56834,
10452,
71828,
18747,
75209,
70021,
39531,
89770,
44252,
27486,
77638,
70133,
58996,
24601,
60528,
77048,
46451,
68619,
33854,
71401,
58965,
4535,
85302,
84394,
68074,
27505,
39342,
33100,
83471,
29776,
19614,
27805,
28342,
48445,
53440,
11515,
6162,
46905,
5792,
31782,
8339,
34663,
16030,
36154,
58843,
54982,
31141,
81080,
57938,
14514,
89411,
37669,
77957,
58415,
64822,
10528,
41084,
1298,
62626,
68872,
83815,
44160,
63254,
2947,
51259,
34703,
17736,
11908,
361,
89789,
39436,
76993,
11301,
39915,
8129,
22254,
81771,
12216,
47254,
78819,
46457,
97488,
7938,
33748,
9515,
39968,
44884,
22760,
60728,
88390,
37254,
83074,
6496,
83407,
66596,
80031,
4821,
21470,
7042,
52790,
25318,
45692,
87526,
93064,
22313,
75376,
2270,
17179,
26617,
94053,
78844,
49380,
32487,
59940,
39391,
67005,
20477,
27069,
73298,
94623,
7662,
61642,
66917,
21073,
91159,
26058,
16723,
16961,
74574,
65539,
2219,
7242,
27076,
99250,
3817,
14176,
4018,
96019,
70132,
90135,
43301,
19902,
99678,
32568,
95249,
47534,
86404,
46827,
98772,
94238,
69298,
20617,
6470,
47470,
24664,
3490,
94866,
76655,
33876,
16595,
5169,
3004,
80068,
18794,
13739,
23263,
97441,
71553,
82813,
21737,
46823,
69519,
71718,
68122,
99757,
40156,
39098,
19768,
97866,
1484,
88156,
87809,
29431,
41191,
55968,
257,
70748,
90759,
96844,
7553,
33776,
19597,
82185,
73200,
22202,
12193,
3411,
93514,
83943,
44601,
163,
30849,
81961,
16512,
67171,
2330,
77209,
7027,
16570,
83990,
96923,
8953,
35358,
75546,
77828,
8724,
6602,
33418,
53024,
55902,
12743,
85820,
85425,
79070,
85430,
11529,
25485,
84718,
78598,
68321,
38661,
10869,
56136,
87027,
47316,
13368,
7646,
3616,
91431,
41355,
63225,
54007,
42371,
80266,
40677,
54699,
41554,
39956,
59236,
66313,
4161,
80568,
82807,
82,
6056,
38470,
25718,
48264,
97371,
6924,
54556,
1612,
28854,
80302,
84802,
28690,
10149,
76260,
46523,
4124,
1133,
52730,
73689,
44966,
93042,
14466,
32016,
48195,
26472,
59898,
35389,
8997,
40920,
88099,
57780,
49069,
84905,
52804,
21896,
22538,
82177,
13890,
17048,
49420,
48103,
61938,
62276,
38381,
33255,
14690,
56234,
10387,
60769,
62323,
36249,
63265,
17204,
70408,
48222,
75341,
82296,
6713,
68089,
52798,
39924,
90664,
15880,
4592,
13458,
21498,
86830,
11702,
37701,
9906,
21817,
60431,
294,
96863,
76932,
69454,
40332,
71299,
65304,
20746,
89315,
42323,
54415,
77515,
97953,
58064,
15821,
86680,
19678,
52039,
18845,
52946,
99451,
89673,
10162,
4421,
55259,
52185,
82167,
22504,
45031,
8606,
19110,
81671,
62296,
81488,
93794,
69924,
59764,
31066,
10094,
14859,
71989,
15322,
23090,
79836,
61853,
74573,
68804,
12108,
7460,
25930,
69316,
14040,
69644,
78732,
33239,
47173,
24447,
74410,
57175,
84215,
45091,
95255,
73863,
3487,
11811,
84225,
64215,
31160,
57991,
72681,
72425,
90482,
26297,
70887,
78091,
30829,
79567,
36,
23973,
19901,
64943,
21919,
56931,
30012,
30515,
65366,
40883,
58267,
8626,
4811,
46853,
43238,
77369,
52333,
63518,
35524,
2522,
4413,
70531,
17930,
19113,
48016,
40520,
74866,
38669,
5604,
11317,
42699,
6967,
1713,
12650,
37337,
14533,
20217,
49048,
83118,
43027,
70617,
26260,
12172,
54923,
38247,
88670,
51805,
20367,
66572,
3711,
72447,
6882,
99598,
23251,
84649,
17117,
57859,
51349,
75620,
63193,
15588,
10901,
10779,
74695,
91022,
79246,
45578,
45438,
50653,
32973,
87047,
63450,
55743,
81596,
75278,
2684,
28889,
70402,
64592,
80957,
22519,
62647,
21007,
98068,
3247,
68044,
38140,
11723,
12945,
12525,
77466,
59092,
61397,
71892,
63435,
48299,
79503,
17644,
27883,
85594,
86971,
30170,
50253,
91319,
23076,
92380,
65266,
40560,
28401,
28249,
23908,
6522,
17902,
85309,
24580,
24568,
60148,
79091,
66131,
78006,
98259,
42622,
42542,
38611,
80025,
78400,
18694,
81409,
74535,
32714,
39411,
5231,
18879,
56633,
51952,
9591,
48395,
28021,
55701,
19401,
68728,
96130,
34761,
68295,
54388,
43575,
18387,
14766,
41262,
57802,
80451,
56735,
34082,
53801,
13609,
79949,
63125,
71059,
65618,
57914,
30745,
74540,
20866,
48282,
87347,
91801,
22110,
21645,
88770,
55230,
54006,
75677,
93239,
7453,
55342,
26709,
74876,
57744,
77906,
4993,
70483,
63160,
4936,
31398,
69315,
8614,
42459,
12793,
83582,
68572,
85663,
39486,
76143,
87510,
89784,
22668,
94334,
18985,
66912,
89176,
25820,
98551,
29202,
33129,
82223,
60884,
38446,
82062,
43107,
50919,
24799,
35841,
82751,
38522,
17814,
93395,
10694,
74199,
81791,
25951,
69498,
71148,
18395,
80754,
34045,
46342,
24179,
44268,
57741,
4559,
36275,
36973,
32301,
80519,
50247,
78876,
35689,
65558,
4775,
98975,
2917,
96215,
312,
10440,
65173,
7137,
87264,
36897,
35909,
60432,
91463,
27621,
28850,
59974,
62327,
25618,
89163,
37687,
89883,
90143,
51910,
53607,
21499,
71230,
4007,
28852,
79071,
10273,
50489,
41541,
3661,
74098,
77049,
30978,
75156,
2210,
42732,
69438,
301,
94880,
14559,
72727,
3868,
1991,
43609,
6932,
89396,
63088,
19908,
42205,
95058,
4584,
36476,
32039,
36917,
69605,
22874,
38911,
2307,
6567,
23926,
22207,
79834,
17992,
51580,
9112,
38469,
89075,
19068,
16796,
77659,
78201,
7304,
53139,
9900,
63203,
11679,
59156,
82921,
45872,
6741,
84045,
99052,
41941,
92664,
24958,
25667,
68087,
95503,
1917,
42300,
63876,
47959,
93886,
40898,
44044,
53590,
46138,
99849,
57930,
45388,
19760,
1446,
19483,
13180,
66224,
82628,
66707,
36118,
49128,
2320,
49840,
56714,
91378,
26657,
17474,
76992,
63258,
91473,
53691,
7044,
1104,
60039,
3170,
57674,
34083,
77844,
71745,
81937,
11437,
18219,
75749,
67266,
25454,
83606,
1829,
56639,
66300,
73318,
38660,
69926,
6981,
68082,
2155,
73478,
97885,
42627,
97508,
94361,
32135,
58807,
84302,
49395,
16154,
7202,
64456,
1207,
18323,
26662,
48126,
56764,
61150,
95607,
18863,
3721,
26901,
4560,
57745,
30363,
77528,
5586,
42638,
30879,
55438,
38683,
98230,
16835,
336,
35815,
67105,
89207,
35858,
34285,
69363,
98676,
85478,
70044,
85453,
18338,
10277,
19305,
84545,
38837,
36526,
8569,
19940,
67981,
30195,
6465,
7208,
12969,
23284,
92173,
80396,
93669,
56696,
38383,
35269,
20299,
21218,
82079,
5032,
27027,
36601,
20472,
72560,
57487,
99771,
57903,
39387,
10833,
46563,
36052,
68673,
11531,
94219,
91205,
18439,
62550,
49290,
70485,
11678,
69878,
10654,
41251,
63814,
58231,
48145,
5350,
9969,
13714,
18146,
34244,
23421,
39911,
46351,
72768,
38595,
76673,
47753,
79378,
17105,
38118,
74282,
31250,
38870,
87970,
52745,
42863,
8109,
9326,
50332,
70446,
24040,
12354,
31595,
99492,
35196,
22418,
77568,
64339,
85026,
74032,
71512,
76834,
24115,
86712,
80475,
12615,
80123,
66146,
53236,
58247,
98072,
28119,
61391,
46007,
56212,
14101,
34949,
52084,
91132,
47714,
89013,
96437,
65887,
58052,
55925,
81049,
79055,
58094,
80557,
46503,
71772,
85220,
4311,
89845,
74651,
20784,
87007,
42108,
82254,
90148,
57181,
12458,
51817,
38263,
34221,
8897,
39087,
34217,
20733,
4603,
39450,
44067,
57811,
36828,
89434,
98808,
72260,
41981,
75753,
16344,
58505,
49689,
95929,
56976,
92332,
82463,
28045,
31472,
45671,
93453,
47860,
37398,
89863,
17841,
59504,
17256,
20974,
14644,
73482,
75557,
55569,
8961,
34610,
43898,
56535,
29645,
96932,
69958,
65417,
26412,
73764,
39226,
42487,
772,
92564,
79214,
83795,
31241,
6268,
71009,
5479,
43175,
90078,
33487,
1398,
5043,
11200,
41854,
60883,
90876,
23272,
12635,
48184,
37298,
64792,
28359,
46801,
44014,
734,
34290,
58733,
61099,
10900,
68204,
16289,
80905,
59125,
98027,
11419,
39433,
94303,
20307,
44806,
80623,
86276,
88403,
10687,
84469,
86924,
26690,
84155,
9299,
68608,
77748,
60608,
81664,
64026,
49410,
71766,
90545,
69481,
50205,
34191,
18014,
43028,
41423,
95745,
13260,
16102,
84384,
76594,
91992,
53613,
80420,
96808,
17702,
70314,
8824,
37833,
68960,
75165,
31939,
65447,
58021,
45637,
98159,
41056,
23938,
97849,
34357,
96837,
15339,
81877,
69380,
72759,
83367,
61388,
85116,
15805,
35936,
9068,
41620,
14036,
29789,
54853,
81336,
16131,
85660,
50414,
87824,
64887,
59778,
62551,
65464,
74452,
59531,
52012,
30674,
62785,
51189,
54125,
95439,
19905,
71842,
35071,
92235,
26543,
95262,
11428,
4093,
45789,
37102,
87272,
69626,
87078,
2714,
21787,
32190,
87095,
53961,
93404,
39672,
68318,
17148,
22792,
31183,
7089,
94093,
86236,
5681,
693,
22943,
43817,
48233,
20581,
42434,
3502,
95980,
71511,
78030,
46102,
74888,
87564,
21341,
92351,
94520,
14636,
16005,
75491,
36570,
56007,
69326,
93336,
51084,
68264,
99738,
62278,
31669,
18709,
76833,
78302,
55602,
49903,
55305,
82958,
3660,
3835,
68627,
16120,
23444,
99283,
75149,
96769,
17099,
78521,
31911,
33449,
40669,
84,
43708,
80779,
8915,
72394,
3870,
55681,
55865,
80412,
25434,
89892,
28326,
23999,
61280,
97104,
30531,
48724,
6953,
43442,
28248,
15304,
53744,
15602,
42987,
59439,
78200,
57384,
53209,
74212,
46354,
69401,
46900,
71091,
53467,
5765,
34356,
49907,
46895,
28671,
49769,
63998,
18277,
39117,
9340,
29443,
1648,
40589,
66779,
67660,
31308,
21615,
18034,
51481,
4122,
96711,
42445,
22705,
47197,
41893,
33219,
90412,
20302,
19346,
77087,
61405,
56005,
76944,
13573,
47447,
47122,
28788,
75543,
5736,
69123,
22476,
86661,
7276,
98868,
41137,
46882,
26249,
91804,
15132,
76164,
50675,
7160,
37629,
80256,
98492,
35302,
52570,
87966,
52457,
55316,
3307,
34848,
18434,
77345,
89365,
58413,
46314,
21321,
89905,
11384,
5860,
84172,
67465,
30189,
78679,
77267,
737,
3620,
21635,
47993,
45354,
23451,
88962,
58634,
2127,
95020,
10778,
88519,
1331,
58600,
62422,
41998,
88253,
51406,
59375,
71897,
58920,
9866,
1701,
81292,
70878,
92471,
92068,
38396,
56537,
77691,
28711,
631,
6419,
81774,
45007,
78294,
87876,
91774,
11792,
76457,
40607,
21468,
51774,
7936,
27049,
27648,
6130,
96840,
79108,
62554,
81045,
26702,
9278,
28237,
38385,
39344,
57333,
31124,
50251,
79501,
90312,
34081,
31501,
66086,
20764,
1429,
68831,
93607,
2973,
57553,
17546,
30309,
81519,
86184,
34252,
58699,
23408,
67828,
69294,
45837,
36753,
95526,
55622,
67829,
10286,
28059,
48832,
27553,
19411,
98591,
50813,
58563,
30646,
52647,
79952,
6553,
54634,
592,
77305,
47417,
24378,
95208,
64702,
19706,
43128,
9649,
62460,
39599,
30040,
51069,
359,
55180,
69239,
21682,
19798,
20487,
13177,
32069,
62909,
63165,
77652,
43248,
5,
77115,
54635,
53310,
23697,
23899,
77796,
75031,
87536,
27218,
76873,
71012,
83282,
36305,
53937,
50875,
12353,
58119,
79418,
31450,
27439,
40254,
42519,
81404,
42325,
73851,
5244,
61924,
51835,
72483,
90650,
86589,
31120,
95549,
51397,
89199,
16235,
58538,
99759,
9474,
84383,
60749,
94398,
71471,
33176,
8517,
23831,
76,
87912,
90637,
73096,
86852,
22877,
79650,
46197,
26199,
46525,
80041,
64272,
31194,
99994,
30626,
57916,
13822,
94910,
87318,
49407,
48293,
63942,
92541,
86050,
42776,
13138,
52474,
54179,
87847,
3218,
51839,
99894,
54920,
95561,
21356,
16224,
199,
72856,
60525,
63327,
65704,
63734,
62516,
68780,
81367,
50282,
31288,
94542,
4059,
35839,
7162,
24709,
57598,
21768,
78688,
30127,
70253,
29287,
38876,
7506,
9298,
28368,
6687,
39207,
47169,
2233,
46336,
85752,
17158,
18068,
55577,
66527,
46134,
52044,
51053,
23895,
61362,
10157,
55482,
48451,
27519,
42409,
3509,
35370,
50698,
99662,
28944,
90118,
44608,
47273,
64935,
86781,
49315,
36840,
50355,
82384,
20599,
7022,
43621,
14756,
97733,
92295,
85177,
72702,
4245,
19472,
82525,
92345,
45897,
12538,
63061,
13559,
45708,
34989,
87303,
541,
13278,
2399,
19538,
18313,
41844,
95515,
63768,
54244,
99696,
96776,
13652,
11023,
32215,
84868,
45117,
70300,
11608,
96467,
71050,
78716,
68894,
24704,
35131,
63271,
13782,
7130,
96440,
28721,
26012,
58609,
79409,
48764,
13954,
8454,
6865,
418,
30983,
33427,
53085,
98742,
28942,
57866,
88443,
38134,
73419,
63701,
47005,
28961,
90821,
58345,
5788,
91535,
92215,
52063,
1065,
34409,
3986,
20055,
10416,
96762,
61064,
19605,
3869,
58003,
14911,
31449,
63537,
19245,
79580,
33662,
39719,
1123,
39431,
50689,
8277,
63941,
89383,
70292,
85233,
69753,
76562,
17344,
31761,
64173,
70649,
55473,
95146,
44850,
74045,
75786,
3240,
20378,
97686,
1689,
29304,
14999,
36311,
28679,
37004,
48797,
62347,
92176,
92880,
93860,
80710,
75522,
26952,
8821,
24100,
37688,
95295,
22596,
15313,
4733,
78507,
78220,
9919,
8178,
50096,
53847,
76942,
1600,
51088,
5945,
4371,
48253,
30520,
49730,
28709,
75358,
30049,
95568,
88752,
74413,
35843,
89392,
79025,
5125,
34456,
62067,
27274,
98497,
11342,
48356,
61739,
65333,
36316,
36877,
26494,
18947,
56914,
46377,
12507,
88334,
15210,
7050,
9643,
61018,
78702,
39569,
82195,
34588,
77819,
19004,
91142,
14063,
1792,
508,
94717,
5673,
16701,
44758,
23098,
4714,
85290,
90810,
14309,
45205,
48557,
1525,
4020,
1876,
22072,
55651,
32682,
51184,
72096,
73411,
34464,
58740,
76730,
75412,
84425,
96680,
28219,
60939,
76212,
3030,
24459,
65399,
6898,
12437,
63323,
56650,
59805,
99777,
80997,
24953,
33780,
42156,
80703,
31915,
94074,
99534,
29090,
89725,
10527,
11861,
24834,
95632,
43829,
70274,
2552,
84791,
97792,
16799,
9980,
50625,
21726,
2392,
99650,
43536,
22971,
9027,
20731,
7857,
22785,
91302,
93975,
15081,
17938,
96365,
87805,
90527,
74806,
10976,
92535,
42368,
60649,
72045,
95483,
6191,
80238,
12697,
16694,
78442,
44170,
56716,
78747,
88668,
19584,
16908,
72892,
89472,
4040,
90217,
3558,
69949,
15818,
82163,
57082,
86604,
37121,
69137,
97402,
45343,
1403,
45679,
39160,
90882,
65373,
21595,
2945,
66453,
20527,
15371,
64508,
38144,
32697,
87294,
51077,
53011,
81338,
99766,
17315,
91773,
90757,
4470,
50606,
45895,
1921,
82049,
27775,
60215,
87675,
28358,
58284,
63586,
58522,
90640,
65445,
92432,
89103,
55965,
57798,
67768,
30447,
51369,
98337,
9149,
90063,
13112,
26357,
14268,
57812,
95720,
90311,
98574,
15015,
95212,
612,
56125,
45665,
25172,
1823,
20664,
31137,
81043,
44872,
47913,
6229,
9238,
15756,
69602,
69411,
8099,
94518,
58570,
43220,
68353,
74362,
71960,
77279,
19713,
7275,
92255,
42118,
59812,
27469,
53604,
12356,
39659,
64134,
2499,
13010,
76350,
93613,
27518,
98021,
33184,
78585,
96686,
56175,
77403,
10386,
20199,
96105,
2011,
2581,
19490,
43674,
46554,
72444,
28213,
51814,
49785,
70007,
31184,
75014,
88343,
12100,
33405,
13725,
12854,
15280,
73066,
21585,
9117,
29629,
72218,
3150,
42651,
61153,
78181,
76440,
39966,
27228,
79335,
41916,
38674,
46222,
21759,
532,
36823,
31986,
95877,
51187,
90550,
2576,
57966,
11871,
56698,
13723,
31558,
91265,
37318,
74324,
97729,
29499,
98134,
38042,
63582,
58985,
13538,
59832,
28753,
3624,
82553,
27364,
90176,
57871,
26862,
33508,
46648,
19592,
24795,
65515,
60425,
15995,
98679,
55528,
95247,
69297,
16372,
69140,
28420,
49975,
66407,
4006,
38854,
74455,
36522,
36320,
53372,
95229,
10820,
58945,
46626,
44186,
7914,
78539,
73412,
80365,
49253,
58460,
1739,
31732,
1672,
36523,
23006,
21588,
75935,
73501,
36819,
26084,
54370,
12075,
71194,
63875,
48454,
2481,
2613,
28776,
27146,
22507,
81433,
65799,
26967,
13605,
60581,
13934,
96847,
92922,
20811,
74078,
62959,
25898,
32736,
43517,
69006,
21767,
4496,
11742,
59927,
51651,
567,
85934,
23050,
49947,
9462,
3904,
68026,
82466,
66625,
94838,
49997,
49767,
67533,
44657,
38577,
44587,
2168,
4841,
99028,
21358,
80687,
94809,
98738,
75789,
41913,
22398,
87019,
16831,
39762,
98256,
99661,
13574,
22390,
81641,
65925,
49025,
92955,
28582,
7282,
40206,
84119,
19764,
51339,
51019,
96941,
7388,
36903,
35699,
62013,
69305,
98172,
89361,
99732,
58837,
2478,
37782,
47775,
30156,
12125,
81505,
84403,
43498,
72640,
4166,
85856,
97865,
37864,
11259,
13482,
80309,
52806,
53096,
24653,
47938,
36650,
15333,
40376,
26994,
92624,
99897,
48235,
88101,
47627,
15022,
89285,
95541,
26518,
16761,
2798,
60115,
84663,
46910,
61142,
16444,
7915,
19220,
22979,
38827,
72340,
4656,
98583,
26968,
48295,
804,
73949,
64738,
11962,
9414,
97827,
94601,
52929,
86260,
31239,
30593,
2505,
65323,
18106,
99053,
54287,
40536,
60715,
68483,
87550,
92728,
46616,
86774,
92896,
63522,
35118,
74747,
34609,
280,
18420,
83759,
7723,
67160,
92723,
90666,
28231,
99959,
94558,
91599,
80101,
1062,
76892,
96520,
79533,
17878,
53767,
4227,
56516,
18242,
95049,
55997,
88165,
35705,
41468,
77721,
25603,
96683,
64273,
19825,
15815,
58549,
77375,
69522,
64075,
29438,
42076,
42805,
2324,
50092,
71076,
20409,
96963,
81552,
82006,
58573,
73827,
3336,
81194,
58517,
39040,
70157,
59430,
2801,
53041,
217,
44634,
99963,
54489,
67250,
33137,
83057,
15675,
94427,
61900,
46075,
3591,
59402,
99098,
57160,
78413,
34237,
69013,
7572,
36625,
60726,
25848,
2717,
6464,
78168,
43729,
67308,
31437,
96483,
69911,
26756,
77996,
45886,
23361,
27783,
58081,
68127,
61673,
8807,
67367,
96052,
66880,
35941,
25173,
22895,
19861,
9470,
51449,
16148,
54675,
2366,
19204,
8150,
85173,
70494,
16807,
73638,
11973,
44489,
67794,
53148,
95095,
90952,
4978,
11955,
85212,
7076,
49277,
94716,
28103,
61009,
61234,
30705,
13755,
42128,
98180,
14625,
77125,
77479,
69036,
33140,
25933,
74701,
54870,
15455,
68544,
662,
97036,
28628,
43009,
49205,
70662,
99811,
55730,
97632,
75186,
90360,
84581,
30030,
81642,
195,
25023,
42413,
96259,
89896,
68061,
22138,
57127,
16326,
31143,
34385,
53933,
79379,
9432,
44332,
18394,
86044,
98678,
14120,
42558,
10073,
95005,
3895,
64863,
97634,
3248,
81948,
74354,
23541,
1316,
76406,
64303,
52825,
9090,
76777,
44470,
62576,
24587,
63706,
15560,
40652,
5432,
60840,
44481,
18006,
33012,
1360,
9096,
99268,
63562,
6335,
44615,
46465,
20071,
55636,
36244,
32954,
35851,
36022,
78676,
6411,
83371,
66038,
64169,
28158,
45552,
83936,
23017,
59051,
53835,
76230,
72310,
34766,
76511,
17515,
30245,
74122,
88341,
64038,
48087,
71427,
50301,
14580,
66567,
530,
3223,
50010,
37933,
34043,
40576,
30935,
20682,
70170,
93113,
88312,
49734,
25171,
25819,
22696,
84732,
10619,
28135,
4991,
82711,
69359,
36646,
23063,
54896,
40484,
41328,
50510,
69702,
10283,
69814,
71267,
21292,
69441,
79192,
28187,
79042,
8262,
4338,
19044,
1341,
53529,
33739,
66754,
39958,
41990,
52300,
31995,
20952,
59752,
50161,
59520,
40753,
94847,
82214,
25364,
21124,
14998,
20729,
83316,
76307,
26081,
58525,
90159,
84550,
82687,
60727,
81344,
19735,
15671,
5436,
38728,
59045,
51346,
5530,
21646,
22257,
55517,
98475,
78596,
41099,
3341,
12214,
90609,
3573,
86247,
31770,
78197,
3101,
33665,
21690,
28271,
16373,
91627,
63099,
82791,
62743,
35440,
41921,
54209,
32564,
60979,
58846,
20647,
70584,
80049,
869,
4704,
80179,
93879,
72325,
42080,
56701,
78490,
93168,
8601,
95881,
82348,
88535,
80661,
58441,
88242,
86882,
22075,
54371,
86425,
8026,
41156,
98022,
84420,
91568,
58248,
46641,
86849,
97590,
49022,
23072,
60932,
5581,
51927,
84650,
58365,
40198,
61056,
23053,
55881,
87060,
40852,
72225,
35039,
34375,
19080,
93426,
26099,
97147,
87333,
10885,
71033,
21120,
87453,
14990,
88442,
19195,
17574,
29226,
74127,
97839,
60716,
63682,
80467,
93939,
12435,
75118,
36964,
78560,
78823,
64453,
76725,
45614,
29309,
17918,
37863,
5752,
43510,
56781,
60187,
64360,
21803,
88108,
25681,
42570,
12339,
73991,
18493,
9134,
74228,
61677,
82743,
73748,
99401,
71380,
9556,
15292,
77216,
73850,
43657,
17751,
16924,
14078,
261,
67091,
83303,
26341,
11287,
89352,
9106,
81960,
22630,
11426,
93698,
12072,
82797,
86564,
78982,
78822,
22027,
20293,
16787,
66571,
42425,
88728,
49167,
30632,
86127,
37401,
23493,
22053,
3885,
77873,
71489,
7680,
72717,
50611,
44474,
29400,
64583,
69906,
21336,
73204,
67055,
16624,
33621,
53115,
33322,
76384,
84808,
47355,
92361,
16225,
57544,
96515,
96506,
85755,
61828,
44008,
18327,
33538,
45648,
6811,
46131,
49515,
82563,
68712,
38927,
45128,
42244,
60856,
40752,
5938,
32335,
20940,
68455,
97830,
54843,
66123,
89979,
44760,
55451,
56680,
78401,
33952,
64131,
96319,
72200,
27304,
35396,
29429,
34,
83174,
35565,
53215,
29999,
3917,
43986,
66095,
45659,
83310,
63883,
1066,
63731,
27221,
56550,
83557,
25831,
64,
68640,
15541,
92627,
94904,
86934,
94553,
53092,
59913,
19500,
68118,
54573,
59078,
36455,
22392,
20171,
68411,
33944,
95218,
2158,
22278,
87251,
38024,
89188,
83435,
65230,
74661,
9114,
38905,
81159,
9831,
32716,
75957,
5600,
22595,
2000,
72390,
610,
31344,
18001,
80421,
15168,
26727,
31614,
73653,
24337,
72947,
96503,
64668,
89869,
17965,
15278,
72085,
84979,
9955,
71551,
35457,
63402,
93600,
387,
36206,
97736,
61256,
29617,
75356,
48121,
33947,
30881,
40458,
4990,
23783,
7500,
76431,
40408,
80769,
62975,
21388,
41839,
4381,
34973,
70474,
69026,
93468,
44364,
63842,
96344,
18241,
95216,
31538,
58578,
27919,
22665,
3779,
15961,
16586,
10410,
92259,
14325,
29840,
81806,
27626,
81200,
26584,
65779,
44668,
22964,
88051,
8820,
31774,
33593,
59929,
69084,
15864,
72761,
87826,
84595,
48064,
40811,
77917,
60817,
78242,
62886,
41928,
58815,
84367,
74606,
62777,
93872,
13780,
44602,
40828,
13455,
50866,
7154,
3259,
85947,
93588,
31334,
47459,
96884,
92199,
78625,
91646,
65600,
60933,
1259,
92356,
18372,
83447,
33599,
52445,
65004,
80427,
21558,
230,
82402,
66563,
71479,
53001,
59534,
47321,
64570,
35392,
4069,
70158,
51202,
83641,
64720,
19773,
8418,
96726,
16770,
55107,
90699,
6341,
75003,
29239,
64917,
15415,
50358,
20120,
49506,
45161,
97078,
50267,
69108,
80248,
25410,
63466,
72715,
73207,
41363,
52638,
94514,
23527,
50984,
88311,
14248,
24609,
18900,
70854,
92148,
40339,
39708,
22203,
81212,
90945,
97616,
90818,
65132,
73483,
87033,
8977,
40932,
2517,
74931,
54322,
45828,
1916,
79473,
30208,
45831,
40050,
21205,
40641,
13072,
64172,
53914,
28906,
21274,
61467,
92772,
82150,
96179,
38333,
33874,
69570,
54763,
4948,
83066,
6119,
42410,
33546,
49874,
83418,
44201,
13950,
94938,
50974,
13753,
2679,
56581,
46685,
98630,
50669,
83292,
12708,
81823,
83734,
60713,
11775,
7616,
32472,
57466,
52173,
42771,
17883,
70010,
54390,
44930,
20038,
86662,
99318,
17089,
10739,
32921,
76231,
11545,
73906,
19202,
17845,
5317,
66736,
34729,
86010,
47081,
40925,
17372,
5954,
43726,
66988,
19009,
98451,
45963,
43585,
27604,
54627,
92175,
38131,
25844,
55008,
67317,
43010,
61965,
27696,
50665,
8351,
60624,
25539,
79689,
13015,
47222,
84265,
5415,
46081,
97054,
13642,
32331,
32844,
59481,
1920,
61833,
12064,
83111,
98949,
34284,
8583,
6036,
21979,
13465,
45668,
3097,
69215,
54706,
17836,
87252,
87729,
34760,
80491,
36475,
72748,
20357,
57079,
34227,
73649,
71087,
7043,
16259,
50697,
89991,
37272,
78167,
89523,
32800,
46483,
20164,
14844,
37294,
19711,
6607,
67880,
32348,
30375,
56565,
25051,
16830,
62019,
54965,
32551,
50787,
36512,
32767,
70680,
77008,
93647,
41241,
94409,
99878,
53854,
52775,
57633,
98985,
30850,
56842,
89253,
82665,
57078,
87877,
17490,
58625,
62765,
66943,
55484,
28290,
60719,
54966,
84436,
47701,
70706,
68809,
92129,
93630,
44166,
64761,
16543,
92580,
44810,
2680,
44248,
80483,
65591,
99403,
77350,
12407,
64932,
80735,
41314,
94412,
11379,
17143,
33302,
7392,
92656,
95113,
31016,
56372,
22832,
13288,
83853,
28556,
5880,
60675,
78818,
96672,
65623,
24737,
2899,
75517,
8131,
18750,
30521,
38627,
67145,
92834,
5481,
51836,
32516,
83204,
2933,
58506,
58075,
56490,
4655,
21023,
88250,
83801,
7707,
83726,
96477,
6356,
36639,
38165,
33419,
89009,
17234,
90272,
76268,
67051,
17890,
46881,
38765,
53078,
4467,
39362,
3864,
35175,
62901,
54416,
10508,
10223,
92809,
14398,
33879,
26687,
95134,
88185,
77598,
69801,
75216,
14984,
32240,
19991,
51664,
93544,
98466,
4052,
91408,
69547,
65277,
58452,
51526,
68808,
98593,
4630,
72909,
39272,
50300,
983,
5853,
57713,
34302,
94731,
26166,
21049,
92888,
67293,
49182,
64100,
76203,
72954,
28453,
86141,
34230,
44751,
208,
18413,
15923,
21438,
7769,
730,
72927,
94104,
14305,
1168,
92877,
2382,
19154,
68690,
78791,
82979,
28740,
20915,
7694,
92613,
68911,
72242,
66691,
33788,
10100,
15941,
11849,
78360,
21484,
21390,
67682,
28169,
62224,
62261,
84006,
1516,
66904,
20373,
97204,
40794,
35487,
60497,
74966,
54555,
86684,
71248,
38818,
63666,
31505,
8808,
91885,
39456,
46645,
32248,
15548,
29382,
62907,
20188,
41972,
88008,
52128,
72017,
78674,
79845,
54118,
9234,
79956,
18216,
96277,
2404,
91561,
31285,
3392,
77231,
41209,
65060,
62544,
33738,
66600,
56367,
11816,
25185,
86673,
44925,
53088,
36582,
85483,
68236,
35403,
68845,
78015,
95846,
62795,
80425,
86090,
97041,
73628,
40211,
99582,
44337,
25810,
74404,
90495,
41413,
7320,
50941,
10585,
81033,
4571,
6203,
98501,
7898,
38504,
57169,
18030,
34594,
63484,
81348,
41874,
33305,
63423,
6445,
11916,
66052,
63676,
41147,
22307,
27731,
6654,
6304,
48646,
71655,
54349,
43368,
13225,
47988,
18138,
5469,
56750,
77929,
89219,
51261,
58497,
97485,
15881,
62545,
8043,
53863,
84585,
23404,
6804,
76516,
9573,
50498,
25025,
32184,
25438,
24733,
48479,
66759,
77594,
28338,
48917,
47109,
29393,
42052,
64019,
94260,
98697,
20297,
70510,
16959,
86002,
27933,
47032,
77589,
16076,
95963,
37458,
26622,
88373,
70218,
88125,
34867,
32829,
23043,
46303,
82070,
79536,
95921,
74963,
39527,
39239,
76186,
56114,
64808,
30908,
33251,
46956,
95635,
85738,
77777,
20753,
52313,
52141,
59770,
20089,
62186,
13565,
68091,
80824,
75505,
55672,
71080,
78417,
25352,
93167,
10964,
55509,
61180,
36580,
45537,
35204,
55379,
8534,
2078,
10950,
30510,
46805,
31354,
80796,
13570,
3654,
62499,
72391,
78524,
12154,
86939,
49542,
4525,
91236,
77219,
35241,
31606,
96962,
60643,
82449,
45809,
6821,
64898,
41525,
37657,
32542,
10547,
46379,
57376,
31023,
43133,
13381,
9856,
78411,
90287,
99147,
46629,
50116,
24055,
21828,
21955,
68243,
49529,
52590,
22617,
23467,
69826,
40450,
1047,
14484,
67056,
62690,
5852,
88543,
12156,
79386,
33279,
6928,
24335,
20750,
55519,
87971,
42319,
60221,
38967,
97113,
32098,
53627,
13819,
56315,
32723,
98268,
786,
29682,
27418,
35309,
70252,
51057,
36831,
33171,
22111,
35371,
78642,
36152,
40002,
42492,
61475,
97955,
19123,
20296,
8987,
98064,
93953,
80408,
81001,
80298,
21946,
70875,
58766,
86448,
4353,
16053,
8440,
79316,
22636,
34195,
13007,
74235,
13995,
63612,
33110,
4163,
97818,
68130,
31948,
1135,
45134,
55079,
92403,
74969,
97754,
44302,
29671,
17262,
44443,
72952,
72099,
83464,
31373,
56974,
78478,
97697,
53864,
24480,
89282,
48878,
40379,
89481,
39954,
62719,
4639,
13325,
53846,
51736,
40802,
982,
33391,
57840,
80090,
77095,
6260,
2072,
72782,
31901,
13595,
6868,
52330,
94969,
54535,
12414,
13851,
15008,
93811,
44922,
96013,
37720,
23618,
60128,
57987,
93413,
4090,
87239,
30233,
70849,
23662,
1433,
15766,
96984,
43598,
5058,
50912,
99445,
97381,
89230,
56732,
79273,
23595,
79800,
29831,
38362,
11949,
27850,
29852,
90127,
26149,
82637,
11676,
79494,
17043,
91752,
20881,
73777,
20436,
13237,
50366,
4130,
65905,
71780,
67755,
39987,
12174,
83517,
22610,
65131,
51044,
30038,
55772,
86523,
77108,
20786,
34384,
88961,
14892,
34627,
77700,
11904,
43356,
84189,
20770,
72271,
57297,
58199,
86579,
73455,
18607,
89720,
48857,
72371,
2468,
16059,
39901,
73648,
30841,
37716,
89605,
45729,
22654,
2248,
69247,
49320,
67173,
88444,
83465,
20947,
47769,
93712,
47439,
26752,
94697,
93011,
96199,
43903,
20592,
6407,
96947,
34183,
26998,
64052,
53814,
79486,
58143,
86789,
74862,
69335,
80540,
28549,
50684,
90307,
61116,
71455,
86085,
58909,
28408,
56159,
39624,
12224,
47027,
68575,
60905,
68830,
57716,
33605,
61013,
7494,
57607,
58879,
70306,
87390,
52374,
88876,
63015,
82487,
78483,
4610,
51073,
17429,
57589,
41897,
65777,
80603,
24329,
13628,
52786,
53876,
45986,
28497,
15430,
60929,
34505,
49426,
89694,
6748,
75533,
46507,
58387,
46679,
36767,
41995,
53865,
23342,
44865,
97220,
52670,
70028,
21961,
75294,
35359,
29496,
45958,
51527,
8342,
27639,
88339,
34018,
81867,
92836,
88282,
22607,
61583,
84920,
75500,
42521,
73233,
94417,
15673,
8857,
67687,
95169,
89580,
17963,
23631,
71860,
63310,
78731,
10594,
82666,
47450,
34125,
27386,
25772,
84077,
20957,
63956,
85559,
89048,
54609,
19007,
17126,
74787,
90521,
76876,
91637,
30025,
91856,
49215,
82188,
1545,
36798,
5396,
48338,
24452,
61951,
99953,
36215,
30640,
79253,
52467,
57366,
33841,
65174,
62477,
55175,
17022,
34483,
99596,
26094,
29359,
64152,
33770,
77484,
30171,
86876,
73781,
54013,
56573,
84877,
74387,
43584,
23984,
43326,
38956,
81892,
52058,
49008,
88991,
64629,
31070,
22288,
7323,
20488,
89751,
32383,
17420,
61637,
47881,
68691,
91394,
5258,
69337,
98886,
40870,
70223,
9230,
81833,
79301,
53782,
88541,
70608,
41454,
32260,
52939,
446,
72763,
62435,
61817,
33575,
82064,
83041,
89839,
38296,
13009,
55234,
13564,
36738,
9050,
9385,
99566,
80835,
4791,
98843,
63145,
19341,
77103,
9013,
68626,
54854,
33750,
40791,
23371,
89499,
35161,
96284,
23935,
53712,
21031,
48545,
65575,
29385,
96294,
13185,
11007,
79110,
8577,
64959,
61824,
62713,
5760,
38903,
29124,
5990,
44377,
92971,
85627,
22352,
76767,
9136,
9897,
90802,
8888,
75756,
42886,
61968,
29545,
70856,
63673,
61603,
25464,
99568,
26740,
39470,
31691,
25818,
76125,
70959,
70045,
1982,
66631,
54421,
33650,
27915,
97836,
11761,
85834,
10967,
10657,
52916,
6569,
61576,
61208,
23827,
2014,
93527,
4680,
57008,
51692,
15712,
66501,
34119,
29025,
34634,
21309,
21179,
59034,
78143,
86615,
92285,
84518,
73107,
65699,
2821,
12325,
12132,
72786,
65573,
44995,
25291,
51842,
25100,
36737,
20841,
99001,
25338,
3968,
43204,
76950,
90725,
85141,
78100,
86165,
83453,
85645,
55389,
15472,
70077,
72706,
1107,
84251,
35136,
40504,
10450,
97214,
68251,
53456,
9615,
84805,
58192,
84824,
20958,
85411,
1623,
12239,
44074,
77885,
99267,
74310,
81906,
43389,
27827,
66200,
46174,
6332,
69153,
95213,
95648,
18451,
73927,
46509,
57037,
37726,
72108,
82662,
33116,
84326,
73741,
25489,
96966,
57188,
8100,
65733,
97567,
16750,
31992,
46861,
93232,
76568,
98061,
68009,
36018,
73193,
87401,
62366,
18826,
33858,
82843,
61212,
80888,
97762,
39244,
12091,
55926,
91903,
99240,
27884,
35152,
49560,
55609,
61449,
88986,
28893,
99364,
44342,
9779,
39215,
47438,
18499,
88279,
98770,
91393,
97223,
85269,
99799,
2616,
8681,
82176,
14834,
6432,
20844,
1245,
42605,
78807,
43784,
29782,
17199,
40311,
45903,
80964,
16811,
88560,
65878,
17868,
64091,
24579,
66976,
32792,
54112,
96576,
56665,
98642,
34654,
51562,
49470,
72923,
71868,
29549,
80886,
35852,
78257,
345,
48378,
79206,
45534,
10998,
20945,
80565,
2598,
60717,
30898,
24081,
23037,
97128,
99373,
35616,
81624,
47941,
13629,
23673,
44666,
22155,
5238,
49601,
4190,
45119,
8811,
12889,
88357,
55445,
85316,
62072,
86993,
99707,
49311,
13764,
58868,
3765,
22147,
27067,
87244,
30003,
9332,
25204,
81898,
70738,
71142,
56195,
58958,
36838,
5701,
85915,
50628,
12873,
87616,
91209,
20827,
55195,
73375,
20937,
26135,
16072,
84042,
85912,
13505,
72251,
58867,
521,
39501,
44075,
46189,
17215,
68940,
22033,
84259,
50779,
27781,
42691,
5499,
90424,
44473,
760,
24797,
49133,
38388,
82461,
8657,
20232,
24705,
20883,
7270,
57038,
22082,
77105,
26142,
81546,
61522,
32027,
19092,
2767,
64656,
22661,
11899,
40251,
45413,
67425,
84404,
99044,
96332,
55615,
39770,
82957,
32092,
48603,
62797,
12097,
56390,
71130,
5731,
83730,
13658,
52451,
67866,
25532,
95,
73600,
59259,
80740,
7457,
88617,
15700,
49063,
31349,
66116,
28129,
46564,
1081,
91968,
88362,
54280,
32537,
20613,
50882,
92734,
4722,
27677,
53312,
94861,
23969,
88024,
78983,
3197,
69176,
67867,
11549,
62769,
85365,
80803,
91743,
72800,
80385,
20222,
44182,
87120,
94322,
96034,
33121,
8839,
3279,
26353,
88901,
95991,
43955,
11188,
1760,
3174,
48009,
45769,
46268,
51815,
2910,
47071,
48271,
69250,
24759,
78861,
78151,
76908,
37060,
45723,
32283,
17788,
44784,
83767,
75243,
12703,
59894,
848,
54503,
48864,
30089,
59508,
63007,
50103,
16296,
76742,
63495,
73997,
51350,
54580,
11939,
95293,
46741,
74960,
79895,
15963,
59516,
64825,
7600,
34735,
60583,
73922,
12282,
96097,
67723,
84091,
84521,
84890,
62273,
68833,
32600,
67897,
56033,
60916,
5950,
20868,
33620,
16227,
1208,
99981,
10972,
94868,
21398,
11915,
84365,
6976,
25448,
32618,
43216,
36334,
37338,
24023,
88693,
47819,
62858,
76965,
72897,
65425,
37415,
72466,
20847,
70811,
75857,
38746,
62379,
6834,
53533,
97355,
21432,
76739,
36892,
44833,
49517,
33329,
84356,
6690,
95133,
35032,
12290,
85010,
70590,
63655,
71139,
544,
66365,
82145,
61488,
10400,
11774,
64385,
9830,
49638,
35846,
91581,
77228,
68196,
23959,
14113,
44292,
20508,
59732,
39800,
59858,
55951,
30591,
72082,
38749,
4687,
80605,
97400,
82368,
29842,
1901,
41346,
10568,
66558,
70603,
37531,
45329,
59478,
7594,
992,
59014,
19746,
25527,
17695,
40395,
45448,
77128,
66348,
78497,
49441,
51603,
70507,
38438,
1852,
96150,
84033,
40699,
94897,
69045,
56712,
16655,
29439,
94054,
18672,
68165,
84111,
52552,
54343,
63774,
35818,
54094,
4295,
16390,
27885,
71200,
51063,
66549,
9452,
62680,
94187,
68525,
83183,
32848,
62753,
56304,
86933,
26137,
93002,
38002,
74313,
88835,
56359,
72614,
6082,
6622,
82900,
51326,
74385,
43492,
54526,
74546,
29765,
22907,
76303,
42338,
38154,
32243,
16744,
85597,
77909,
30762,
99803,
54309,
51733,
31384,
86987,
98127,
76132,
61108,
87889,
89648,
4085,
97925,
55053,
67954,
28899,
9416,
25913,
26893,
32012,
31444,
9064,
61433,
22280,
89557,
76941,
35355,
34803,
32626,
37620,
80198,
16871,
41291,
30350,
72948,
48045,
41699,
86748,
9484,
90297,
47330,
8001,
98667,
11920,
99382,
43642,
98582,
24402,
96928,
31321,
21710,
97099,
39142,
2368,
6886,
65566,
25823,
57723,
31274,
53004,
27054,
97052,
14258,
5081,
7905,
59445,
74571,
93720,
3953,
19878,
26554,
23129,
40957,
71462,
91137,
62105,
40608,
1827,
90991,
90301,
65406,
67350,
45076,
53301,
31316,
54592,
5795,
88525,
44741,
34623,
73750,
28077,
66889,
26924,
27545,
11684,
69435,
63216,
65802,
45955,
32567,
33800,
60839,
72789,
7568,
85656,
79370,
20582,
75939,
71406,
41443,
3393,
89612,
37482,
80892,
56666,
47748,
86000,
91721,
65932,
19466,
29324,
49,
18228,
95940,
30082,
93241,
92973,
50054,
77291,
68240,
88592,
4310,
12289,
6605,
79812,
35920,
69709,
28344,
57089,
59480,
67507,
51120,
26091,
88700,
38380,
8194,
44249,
61194,
38685,
88496,
29554,
70346,
33610,
24538,
22391,
58902,
7798,
78605,
72638,
10317,
78950,
79816,
64096,
40133,
13589,
32672,
74756,
71787,
10628,
97583,
62594,
54303,
74055,
15363,
3900,
56056,
80558,
43551,
71093,
38343,
84092,
10209,
10398,
12222,
90290,
1183,
42784,
36748,
98023,
8291,
41034,
48497,
46758,
8684,
62860,
49435,
50939,
87455,
81811,
50345,
80759,
16646,
48967,
58562,
31946,
79222,
75590,
48647,
97721,
38035,
49088,
6309,
13158,
36259,
12870,
13513,
85701,
63735,
4201,
31530,
65538,
57161,
32159,
5285,
58693,
65275,
66872,
3780,
10020,
38910,
24717,
70056,
82112,
94131,
46083,
78040,
26426,
34349,
59305,
2637,
75690,
60773,
73007,
68392,
6289,
99184,
65840,
20843,
61529,
96090,
31841,
97803,
7307,
87642,
9702,
35351,
84863,
29977,
9806,
70383,
87344,
32641,
84481,
63605,
54090,
72548,
4432,
45400,
61008,
98394,
57105,
51029,
89882,
82668,
11075,
46922,
95519,
40640,
6922,
89460,
62575,
7635,
70465,
1945,
93816,
59575,
87693,
99629,
54960,
76830,
63352,
8907,
62437,
84197,
78072,
76158,
34647,
56283,
74075,
77875,
1412,
39817,
6766,
21003,
13227,
51114,
31829,
86834,
25411,
74553,
24640,
32663,
67095,
9438,
49596,
4997,
19061,
8133,
22281,
37086,
19589,
67722,
5292,
73576,
35073,
90986,
91175,
26328,
48735,
9308,
89291,
79383,
9100,
14777,
20139,
53134,
93319,
36587,
87093,
48000,
26751,
613,
41497,
75334,
93037,
11098,
13321,
18909,
62967,
83821,
71608,
43705,
58769,
24570,
39055,
27971,
39558,
20070,
69223,
14539,
40893,
41367,
26539,
28507,
31466,
25427,
51072,
55059,
64646,
12410,
67664,
49495,
32378,
16934,
14696,
52905,
87904,
84815,
94426,
45628,
9201,
28938,
63421,
27245,
4323,
28440,
72104,
48018,
50343,
83773,
2269,
91939,
28057,
53723,
54434,
83321,
49338,
56583,
71473,
91451,
66226,
84884,
78966,
99174,
5437,
78662,
40038,
98534,
41814,
89156,
73635,
62591,
59364,
44536,
97206,
86947,
44811,
50777,
37358,
74332,
35585,
19255,
81260,
47847,
60684,
29350,
8674,
89672,
26120,
90187,
53543,
4108,
10719,
96373,
789,
31790,
5035,
16082,
94116,
33180,
18574,
2053,
42963,
75845,
26679,
53700,
47138,
78869,
43137,
8972,
39124,
91923,
85895,
1499,
26245,
86422,
52088,
45572,
89550,
47884,
94821,
50001,
78987,
88490,
78238,
40306,
31361,
89838,
59151,
34102,
45178,
90804,
18107,
95470,
48524,
87848,
73117,
14910,
9778,
18046,
82345,
52924,
11692,
5175,
23671,
49283,
90587,
88551,
80822,
46003,
67649,
44112,
86571,
95211,
3811,
17862,
83378,
17692,
57949,
13219,
55282,
45374,
49743,
17757,
9882,
38077,
70769,
57223,
42809,
93992,
1918,
48343,
67582,
40453,
40887,
1375,
47950,
15209,
45266,
73540,
73604,
94700,
9885,
98238,
71153,
89640,
85910,
88950,
69981,
42426,
59495,
78561,
37032,
27854,
21922,
6982,
12977,
98338,
42196,
68282,
88137,
38357,
92945,
25589,
21097,
32943,
4070,
48634,
87466,
55009,
75664,
33674,
11756,
41495,
9993,
62003,
35592,
59084,
20675,
71292,
62137,
49444,
82875,
96222,
29312,
50268,
89297,
35303,
54571,
18021,
90990,
10307,
73113,
20652,
76792,
60285,
56886,
23420,
97938,
22858,
18380,
37455,
20500,
28192,
4448,
82907,
81070,
79443,
60481,
89099,
1551,
60057,
60784,
81375,
12209,
86287,
81665,
44982,
35376,
62036,
13761,
87767,
5494,
64440,
75642,
58404,
51830,
66492,
59679,
27137,
16023,
11746,
87832,
79404,
63407,
57007,
35517,
57023,
49668,
92147,
39690,
61394,
17924,
63561,
37708,
59027,
72635,
72652,
42837,
30525,
69443,
96082,
73181,
11281,
32501,
44139,
31402,
15199,
83402,
61863,
52127,
13777,
11235,
79480,
3657,
89349,
93956,
78752,
99213,
32094,
74363,
99294,
98608,
56255,
55604,
97748,
18990,
48382,
48281,
23902,
35560,
33746,
68591,
52296,
98793,
22084,
66075,
84615,
40468,
3776,
40912,
65534,
14817,
27192,
78845,
45790,
26754,
11827,
65801,
53622,
17510,
74757,
93898,
1939,
26015,
80114,
96204,
5487,
33379,
34564,
2041,
47716,
56978,
35750,
60579,
14097,
19218,
35997,
21184,
77556,
91356,
24730,
57233,
91725,
60382,
81540,
29244,
14985,
95178,
64705,
55833,
90431,
57015,
35480,
43072,
73792,
84698,
11,
88889,
84127,
57763,
45915,
63547,
18156,
13187,
3360,
20168,
29201,
82295,
57201,
63658,
92064,
36140,
70256,
13531,
84442,
88299,
80582,
60201,
32883,
60014,
93982,
30361,
42275,
5818,
3813,
43440,
24710,
13722,
99419,
61334,
88457,
26996,
75155,
5005,
19627,
29753,
30851,
30175,
37382,
72617,
69218,
11133,
96562,
56342,
73044,
96513,
46190,
86476,
44231,
20225,
19852,
30344,
89597,
17409,
91204,
79125,
45053,
81456,
31181,
32368,
90383,
83446,
63946,
37819,
35969,
41890,
50877,
79320,
26706,
44438,
56153,
70629,
53740,
57003,
80781,
28499,
78375,
18263,
26903,
15416,
37035,
61144,
97822,
87085,
44609,
28394,
47101,
14161,
35856,
66173,
76958,
41530,
24663,
76001,
67242,
87688,
55336,
57712,
58929,
79857,
54107,
58707,
6358,
95194,
89194,
91073,
70118,
74437,
93941,
90938,
40128,
50893,
89418,
72747,
43756,
15104,
85560,
65904,
89719,
85684,
17786,
57853,
758,
48107,
17984,
6394,
78037,
26749,
53152,
34614,
42538,
16029,
6297,
90613,
29814,
27083,
49160,
37385,
3445,
53725,
2251,
62346,
23418,
43501,
2385,
60222,
11833,
37828,
16090,
37642,
87981,
88235,
82083,
53031,
20512,
85511,
61588,
77986,
27118,
44395,
13876,
17286,
2288,
60808,
58662,
484,
55563,
41496,
21667,
71901,
11448,
11147,
25629,
35539,
38710,
88453,
5645,
50802,
91915,
49970,
14257,
10951,
98505,
38309,
46239,
51973,
68596,
10379,
77702,
30263,
84524,
4553,
16203,
30124,
61131,
17498,
65610,
3605,
73536,
47514,
80799,
64666,
73833,
27801,
45680,
26345,
73853,
1629,
47660,
15088,
6128,
99536,
80307,
33392,
9710,
24896,
96880,
30603,
22501,
70552,
97820,
71031,
54694,
36538,
63929,
62779,
89018,
83880,
70220,
20837,
33827,
56745,
6272,
24976,
28994,
31243,
87331,
60083,
21384,
42976,
23575,
87498,
32249,
57393,
45281,
15235,
39439,
27091,
94082,
22567,
17579,
95044,
83702,
43117,
7591,
51235,
62317,
72573,
88549,
97024,
1879,
11480,
37633,
42577,
59855,
21354,
88160,
85718,
57196,
72883,
51267,
64392,
16759,
12522,
88922,
59838,
19099,
47867,
21824,
2929,
47870,
89218,
48543,
6990,
41165,
9418,
77363,
6440,
94909,
26077,
69418,
88075,
92835,
54514,
39655,
29085,
54662,
98284,
39336,
28414,
32144,
55642,
21660,
24214,
22474,
72081,
75004,
85939,
30090,
36479,
36958,
16866,
69617,
95645,
14203,
44900,
77246,
12752,
16312,
10024,
93400,
68472,
18386,
26755,
49823,
69763,
11261,
86884,
84407,
40278,
34604,
52631,
83689,
56739,
83162,
92705,
18606,
46630,
28080,
47651,
19684,
67368,
609,
94597,
23466,
95895,
94505,
4906,
62934,
53624,
50018,
23990,
19013,
10217,
88715,
69382,
69748,
27070,
24527,
557,
33582,
34736,
85921,
57126,
69966,
18687,
78021,
24097,
7998,
31591,
94971,
84949,
39301,
63600,
47312,
96301,
51549,
45254,
54705,
80960,
6609,
85650,
87524,
32032,
84972,
57906,
69876,
21253,
94688,
96922,
27120,
51712,
79623,
9678,
33970,
71644,
12058,
82881,
38406,
81682,
90800,
6173,
72473,
86289,
83749,
57818,
50550,
20625,
95234,
28309,
91111,
65078,
81289,
47144,
29631,
55401,
83263,
8063,
39810,
8617,
33238,
54307,
99911,
64271,
60091,
64550,
1437,
8050,
31396,
20908,
96300,
42408,
29880,
87742,
15186,
23126,
96637,
11626,
55711,
83977,
97461,
32316,
91957,
7303,
89079,
70407,
16691,
57779,
69697,
81796,
19957,
44689,
43161,
51231,
60286,
73718,
62763,
52460,
56215,
35149,
68988,
81786,
13738,
48578,
58274,
22969,
9800,
17329,
51701,
49004,
26717,
31567,
64587,
9967,
68836,
65576,
13970,
75754,
43573,
33604,
39222,
27873,
44431,
5671,
59638,
9148,
90325,
59470,
72864,
87164,
87695,
82446,
6156,
90172,
75796,
52554,
36413,
37918,
636,
5381,
87589,
57221,
30347,
88425,
18808,
5995,
79727,
14190,
86576,
15982,
14136,
37027,
19499,
80637,
53831,
64084,
47736,
21854,
22990,
99721,
25993,
74639,
22664,
68159,
15945,
58812,
13425,
30997,
36168,
80033,
25944,
26111,
89186,
25177,
58897,
59984,
74665,
20211,
76905,
84342,
61627,
26312,
38194,
62026,
69251,
37955,
30950,
72157,
3437,
91955,
69791,
27749,
99612,
8449,
14853,
60015,
34612,
47017,
87685,
34866,
77997,
76985,
8716,
50710,
64715,
41136,
22509,
24225,
80833,
28717,
7100,
77921,
70230,
71043,
63991,
51325,
96318,
4514,
77678,
76321,
90506,
72744,
70106,
78715,
57588,
59336,
92120,
27068,
31563,
68971,
7875,
17382,
13247,
87508,
25531,
78050,
61039,
62867,
70514,
57202,
67377,
45926,
14502,
83656,
1307,
56328,
76940,
48590,
15374,
52727,
27133,
41186,
72972,
70263,
62295,
95441,
88867,
83420,
34969,
8232,
73499,
30461,
13804,
65477,
31197,
24998,
29188,
12219,
38971,
92726,
3519,
47224,
37728,
91091,
81976,
76588,
29321,
31287,
49268,
80208,
13019,
94884,
58264,
10914,
42335,
66641,
17442,
30734,
67928,
41786,
72651,
87270,
22105,
25575,
91238,
79460,
82482,
98330,
84031,
40950,
96353,
33734,
86961,
11709,
3192,
82158,
22767,
47836,
16605,
2347,
31050,
56398,
21731,
22315,
83928,
58483,
57874,
5940,
64213,
16730,
7541,
6809,
32631,
16886,
18892,
15299,
52876,
60686,
20138,
86530,
7838,
38043,
51522,
59717,
87533,
71135,
66030,
47928,
57114,
71475,
63132,
12819,
88994,
12140,
55367,
21802,
40921,
81724,
50962,
71509,
64769,
75221,
91949,
2458,
24789,
54350,
21994,
20119,
87726,
56074,
66838,
68351,
15272,
15394,
86310,
61165,
47677,
49248,
51576,
61726,
7429,
10032,
10086,
85621,
17370,
65423,
46280,
15138,
397,
87724,
1150,
79749,
31108,
44688,
11983,
27361,
87352,
71983,
77974,
72374,
84790,
1788,
43371,
86089,
31283,
19814,
20213,
63406,
34251,
15694,
8753,
71219,
80200,
30062,
91592,
30187,
68093,
65719,
99200,
84833,
99869,
94360,
97499,
10159,
65172,
46338,
61435,
77076,
33899,
82268,
97472,
33898,
18682,
77968,
44817,
80832,
18330,
55447,
19933,
70553,
91960,
60008,
77755,
61236,
26970,
64837,
76921,
72813,
48968,
33832,
46301,
75452,
28755,
367,
15326,
99457,
17874,
97550,
76497,
86402,
68247,
32784,
17558,
52158,
74753,
52494,
90900,
13955,
96601,
74405,
10185,
57474,
27555,
1620,
76969,
45373,
35422,
47889,
24316,
71606,
40081,
99669,
70664,
52565,
33360,
1580,
73916,
12983,
92743,
86547,
36108,
83332,
19091,
92727,
46897,
56035,
70577,
41576,
85853,
10785,
72950,
61769,
48265,
70797,
36898,
30798,
26230,
40436,
7399,
33296,
14180,
18971,
86477,
20216,
55263,
21445,
21780,
79509,
6184,
4833,
79588,
30117,
47518,
47298,
66735,
58629,
46079,
1548,
67453,
95845,
14590,
16861,
39271,
71293,
67952,
97274,
13504,
1039,
57939,
69591,
77042,
56333,
26379,
21630,
73859,
34381,
80918,
43676,
29728,
2473,
2997,
86685,
19449,
12730,
80560,
67955,
82898,
53093,
15556,
70674,
94035,
83182,
14750,
40346,
54049,
6386,
72633,
20165,
82604,
56514,
83380,
41080,
50894,
55861,
73923,
77647,
4221,
53449,
48761,
72649,
40567,
28146,
38116,
77630,
6840,
44086,
43290,
99230,
88731,
46021,
7985,
57433,
30275,
76162,
62973,
39764,
78422,
16846,
55527,
82694,
72970,
79852,
22701,
19793,
25630,
19625,
82719,
47583,
49040,
88545,
55193,
81719,
75759,
44102,
95063,
63113,
78851,
43479,
17785,
33732,
83672,
53749,
75052,
42131,
93454,
63256,
28529,
68710,
67725,
27344,
62023,
38580,
61217,
28104,
74538,
93409,
55169,
78203,
91285,
65596,
47955,
3508,
57909,
44259,
88467,
95757,
15178,
38616,
14824,
86949,
22650,
60466,
15895,
74821,
34386,
29797,
10053,
75539,
16143,
77348,
5902,
58278,
92511,
17039,
71041,
78952,
92277,
63778,
19211,
64788,
74223,
25799,
97253,
79686,
22461,
81239,
20858,
60468,
43215,
87572,
72796,
21304,
4789,
22960,
14227,
84480,
97158,
44464,
94550,
55283,
21413,
64748,
5128,
80335,
44278,
21319,
53037,
10626,
40735,
62065,
17297,
28126,
63860,
32214,
20645,
25344,
42925,
22162,
37675,
53129,
63480,
6970,
88682,
70721,
38342,
4557,
39736,
19919,
35092,
26492,
48439,
63302,
69745,
26195,
94825,
67096,
60255,
52221,
61272,
69995,
36649,
85110,
39490,
60505,
1013,
82892,
85925,
38762,
56415,
65640,
55949,
69851,
902,
9459,
44857,
44488,
66337,
76288,
24445,
46547,
97169,
4216,
58659,
23793,
54155,
60517,
68313,
12302,
25605,
59069,
74947,
38005,
35185,
76802,
26639,
23491,
84929,
60598,
86498,
22258,
81514,
70725,
99705,
88706,
66774,
16140,
56503,
84216,
49018,
12226,
4910,
27033,
85550,
52065,
38384,
85754,
26656,
83045,
80594,
91203,
45822,
92997,
86779,
22239,
26136,
57509,
50336,
88124,
87305,
58613,
77419,
47088,
33211,
53832,
74049,
81721,
29719,
70439,
25692,
57408,
43943,
61072,
54180,
89417,
59758,
27384,
19039,
34941,
70736,
94359,
97162,
25114,
89379,
33025,
76375,
62942,
96128,
86901,
14599,
470,
26386,
62646,
81384,
53216,
61339,
33340,
17932,
72582,
7140,
42726,
36336,
93864,
65467,
82053,
55088,
258,
24856,
73373,
79754,
30326,
87055,
10155,
64412,
57439,
82193,
82408,
58520,
38530,
32963,
47770,
66906,
88674,
98198,
58113,
66289,
85226,
47763,
97476,
6798,
52906,
57732,
64589,
53289,
95944,
61426,
6859,
3700,
57858,
8036,
39467,
94807,
6706,
39612,
2383,
30401,
43723,
31418,
21174,
19488,
65616,
68224,
32162,
30108,
98008,
53827,
33306,
23323,
76694,
77623,
11407,
98780,
37429,
32147,
16497,
81360,
28516,
44357,
48609,
36151,
47317,
93722,
42264,
48010,
8999,
77020,
85481,
55371,
25948,
30582,
43594,
20496,
58561,
36054,
91327,
65388,
27420,
47783,
29306,
39962,
20389,
4640,
66008,
25510,
14518,
9392,
63520,
97798,
17691,
62324,
50189,
40766,
70137,
77530,
29932,
42514,
67885,
66254,
59837,
19872,
28097,
21871,
41048,
31394,
95122,
71386,
91127,
49783,
48923,
89790,
54072,
37643,
24159,
93347,
19006,
94034,
54345,
44147,
89408,
15241,
24403,
88058,
68121,
35363,
55524,
82982,
76804,
16091,
38920,
68496,
96429,
29305,
61718,
13967,
67062,
15797,
87569,
38320,
16664,
32611,
53446,
67555,
80013,
42181,
46719,
42803,
32908,
69792,
38607,
204,
64349,
41623,
28294,
41612,
11974,
24887,
50548,
56061,
14847,
50124,
14076,
24784,
49359,
22774,
6044,
47778,
36103,
7804,
79920,
21485,
70524,
37776,
77792,
87799,
96216,
42293,
56366,
89555,
83201,
61702,
85145,
13508,
62284,
18692,
42258,
9594,
95461,
26972,
27066,
2705,
16598,
82272,
20610,
13626,
46321,
80197,
57316,
6610,
49994,
76373,
30565,
45444,
64844,
60344,
95723,
12360,
50729,
61849,
62128,
36807,
85579,
83097,
90798,
94447,
73662,
2020,
77019,
57304,
44058,
641,
81060,
11222,
56427,
69204,
3045,
25594,
14553,
70660,
92025,
55351,
79204,
35790,
52928,
78587,
54578,
60135,
51141,
24387,
89688,
68760,
51593,
72664,
26760,
80437,
80390,
58664,
82965,
78547,
11323,
6378,
7736,
76314,
7232,
88003,
10096,
34586,
45774,
86990,
81799,
97968,
97240,
60611,
95271,
85721,
43993,
41602,
95230,
26636,
85803,
26347,
99861,
39862,
80821,
37929,
3384,
47416,
17901,
62560,
17717,
7317,
66667,
46663,
24260,
6053,
90970,
30327,
37897,
68106,
58124,
65450,
24513,
98617,
50041,
7561,
96214,
80047,
95487,
65443,
83770,
54684,
64470,
88011,
93279,
883,
14529,
29213,
80615,
23727,
37422,
10388,
76043,
5787,
8994,
69621,
65268,
17196,
81425,
32617,
16182,
94230,
43526,
50559,
13390,
54974,
50047,
22071,
60396,
78890,
34308,
40812,
26596,
51322,
61050,
43690,
51595,
42677,
91294,
42941,
67390,
99046,
33479,
94285,
59169,
71206,
54837,
96772,
72778,
77505,
70421,
13648,
12401,
40985,
72113,
85204,
21377,
49951,
81377,
60467,
68703,
78071,
29137,
30321,
91812,
61539,
42891,
81357,
34783,
86304,
79161,
21611,
27591,
38302,
67588,
96610,
11810,
12866,
46887,
33681,
4269,
19225,
48426,
8512,
15826,
74655,
65033,
43890,
34980,
6517,
19710,
87053,
14240,
48290,
89686,
80816,
64417,
4968,
82738,
45553,
56789,
80183,
62664,
94158,
42106,
96408,
58304,
38546,
69515,
43070,
31125,
47782,
33562,
89113,
139,
3267,
48759,
94111,
90388,
51961,
43150,
61424,
79085,
62489,
60194,
56983,
84985,
27231,
47756,
71290,
99834,
76572,
38585,
11980,
60392,
9095,
7013,
2333,
3832,
11747,
97377,
9163,
37667,
34156,
35209,
11638,
5951,
82357,
69235,
92791,
55742,
71271,
159,
58256,
66376,
35291,
34144,
24458,
87490,
93810,
98722,
24798,
86542,
45528,
37658,
10338,
21221,
62864,
72290,
1404,
46778,
13922,
38044,
30034,
1847,
98855,
19977,
99525,
29484,
77733,
16982,
3054,
36102,
62902,
64572,
21951,
58151,
84397,
41422,
29250,
50364,
49079,
9631,
14032,
9266,
72642,
68227,
21331,
4875,
89656,
90348,
42871,
15911,
70808,
96682,
4346,
13630,
3747,
43384,
88049,
81959,
46578,
31381,
46443,
38841,
52597,
87171,
46930,
97983,
46702,
16464,
5665,
24151,
71558,
53672,
26806,
6114,
64163,
31880,
4879,
19995,
29812,
31633,
52240,
3496,
55875,
64233,
56139,
59377,
8989,
6296,
88675,
75646,
41769,
27165,
61376,
87869,
26834,
87672,
93785,
87198,
44631,
88506,
53789,
94583,
18273,
10391,
43195,
52389,
39756,
16839,
93068,
28331,
37255,
39933,
77137,
9737,
40341,
42602,
83059,
62574,
60947,
6097,
22646,
1401,
16196,
1395,
63983,
57094,
66292,
33335,
166,
93809,
18894,
39635,
81571,
78811,
70803,
1367,
32053,
46999,
70083,
40535,
77809,
16726,
28255,
58734,
57663,
21014,
31681,
14081,
69623,
44178,
2466,
6004,
40955,
52148,
90590,
43515,
63973,
15751,
77107,
48306,
18008,
17635,
56563,
79236,
33901,
57476,
51216,
39400,
93904,
72185,
35022,
85404,
23447,
65206,
64657,
93687,
12393,
1747,
20082,
81953,
32109,
56034,
82977,
2338,
34242,
6057,
36710,
72389,
75247,
19268,
36343,
27116,
93312,
37739,
87208,
76570,
81885,
91443,
68886,
88396,
74561,
42114,
88999,
76563,
21394,
56000,
66093,
60863,
53377,
51967,
54116,
10378,
74197,
82625,
22863,
83300,
4676,
63198,
11253,
3581,
25453,
49789,
52381,
4288,
12465,
33903,
36279,
86984,
50949,
12272,
20766,
1293,
49391,
96804,
46363,
73261,
70082,
90837,
18986,
63635,
63147,
86808,
56441,
28978,
9570,
86423,
31717,
61493,
25015,
64828,
71308,
73845,
55709,
70050,
5907,
39973,
88701,
88153,
99231,
5562,
65891,
21281,
75296,
13575,
47956,
70704,
73523,
74101,
23064,
56652,
9627,
79987,
49965,
18269,
90944,
62114,
80361,
54147,
58690,
34808,
73987,
553,
13359,
4624,
64191,
41066,
69022,
36769,
48804,
66861,
95913,
98927,
35737,
54719,
20151,
4172,
61273,
10931,
7889,
32540,
50022,
35077,
17589,
55372,
85552,
16071,
31741,
3319,
90857,
3367,
653,
69283,
26523,
93757,
85561,
47814,
28253,
61262,
55941,
74171,
32079,
87275,
62127,
10904,
7955,
88509,
18924,
68219,
97855,
4812,
39067,
59635,
73328,
49452,
6761,
24420,
20482,
67628,
71365,
41453,
1932,
64037,
84764,
48948,
73526,
11758,
62754,
89652,
69504,
93551,
90677,
11736,
22074,
54743,
95898,
29194,
50312,
78942,
78371,
58963,
75545,
8615,
29723,
56172,
96473,
20989,
85377,
45739,
42788,
11574,
61665,
78113,
16223,
22663,
2044,
58230,
32262,
42367,
5158,
24961,
30497,
22860,
76434,
28673,
25612,
26145,
79119,
63201,
75469,
42509,
4877,
93906,
84224,
8527,
22101,
62447,
3015,
90721,
8279,
21392,
93928,
13664,
70971,
2380,
43378,
43428,
58371,
37341,
84563,
15574,
46624,
51502,
91130,
12859,
81274,
35849,
65607,
1236,
63747,
89658,
57051,
29374,
76059,
48783,
64971,
6490,
89823,
46874,
88333,
83828,
49516,
52264,
26828,
43352,
21216,
92007,
58547,
29924,
97823,
53522,
72022,
65393,
89249,
46806,
40944,
20137,
63862,
34096,
22309,
80182,
85908,
6085,
42395,
27692,
4148,
11669,
49671,
10555,
94258,
60708,
83580,
18912,
24090,
47638,
41463,
34127,
99654,
92036,
25235,
87011,
19315,
25748,
90051,
52593,
10451,
37064,
69523,
82362,
32769,
23678,
73264,
73400,
88938,
2944,
35317,
11571,
83432,
86230,
81783,
31374,
9283,
60314,
76126,
21153,
36932,
52954,
78990,
45488,
60065,
70149,
13879,
77280,
5216,
543,
88136,
42316,
29339,
81366,
81388,
5039,
85611,
12491,
61641,
55043,
98260,
38906,
97347,
73172,
193,
36729,
13857,
78684,
23726,
25472,
52299,
49051,
30538,
71962,
19676,
32072,
34531,
18167,
31930,
34696,
1741,
45825,
64493,
79893,
64970,
43979,
55749,
70831,
43496,
64636,
8106,
43247,
8202,
53606,
82950,
71333,
25738,
48754,
42586,
56111,
46765,
34734,
98970,
96059,
20144,
36321,
78455,
98842,
63551,
59718,
33726,
56539,
37222,
58962,
71302,
90639,
43493,
35651,
51045,
75229,
11217,
59464,
99522,
88452,
8508,
48786,
45345,
73817,
22161,
24589,
74028,
48448,
90271,
96274,
48449,
61568,
78764,
70104,
45226,
13962,
31031,
47076,
5237,
11646,
21603,
15842,
54063,
61227,
59277,
9976,
81942,
83048,
18270,
66253,
26802,
45976,
13861,
98473,
61434,
72566,
34793,
90232,
96551,
56426,
34258,
78068,
32068,
52106,
29051,
27024,
5342,
60566,
94531,
62169,
73498,
13779,
21151,
59255,
41517,
31769,
70990,
70986,
56884,
33664,
59408,
67303,
27041,
95650,
39976,
933,
58378,
60327,
68855,
24009,
32951,
5796,
85812,
69333,
45786,
99728,
98924,
60232,
49832,
48105,
36444,
54377,
58715,
64424,
82007,
94332,
68338,
20202,
71945,
38769,
47975,
76371,
97453,
8864,
5884,
76149,
44583,
32574,
11847,
71356,
25135,
22901,
10494,
10148,
84236,
53306,
17162,
5669,
95674,
1714,
53481,
86499,
58312,
75275,
58280,
53458,
98627,
17907,
38553,
13420,
45322,
88903,
96892,
17222,
98716,
70830,
15206,
69620,
36888,
63740,
88710,
86733,
23020,
89109,
9814,
22046,
66978,
30714,
19359,
70657,
3820,
6189,
49233,
13694,
368,
53472,
40519,
3826,
30315,
21528,
56747,
57702,
93533,
93745,
50763,
32980,
77007,
57322,
12114,
68924,
64549,
78156,
1423,
79966,
66846,
44613,
57526,
93059,
59325,
59416,
8130,
9105,
84125,
65427,
56444,
14555,
77629,
63167,
29104,
16852,
58758,
17855,
19744,
89998,
28446,
52687,
56493,
41750,
3492,
42678,
63379,
43611,
83433,
64912,
55330,
90174,
82842,
11585,
4184,
39282,
89301,
75064,
7018,
53536,
16129,
56030,
62046,
51523,
20009,
67021,
79682,
74386,
76076,
59659,
12417,
39279,
23937,
69116,
89627,
41952,
35361,
19519,
99605,
14548,
58226,
32498,
93178,
42789,
32379,
1255,
33540,
90709,
84443,
79200,
38526,
16603,
24682,
13536,
71616,
62983,
94243,
62874,
12837,
11425,
14038,
64294,
1972,
72928,
58606,
40781,
67795,
49343,
19462,
6210,
42234,
23536,
97266,
59786,
51233,
83765,
3370,
41349,
54282,
6160,
91513,
78397,
43370,
36392,
4414,
11821,
70709,
29666,
25896,
56710,
86645,
64307,
19448,
85135,
97714,
9861,
66975,
42875,
6819,
25753,
74254,
25240,
15162,
32764,
45493,
72537,
14758,
43803,
28121,
76432,
11335,
19168,
49443,
39785,
56575,
40013,
18165,
83687,
13022,
24796,
19681,
93662,
94992,
49244,
71784,
19253,
9386,
81183,
80074,
69129,
52450,
7407,
24546,
79278,
44304,
84245,
22671,
56275,
35133,
91941,
18023,
53466,
743,
97635,
51776,
64150,
86818,
7535,
91250,
84700,
57962,
27053,
23350,
4635,
68955,
3730,
68164,
96741,
98407,
54591,
53991,
17988,
41215,
93976,
70907,
5042,
14822,
71689,
83706,
34336,
53344,
64584,
38873,
1029,
5182,
37542,
97512,
76040,
73631,
22931,
20445,
89385,
92161,
84734,
19089,
40586,
75575,
54929,
66833,
18691,
23434,
99755,
56990,
2191,
25062,
74916,
52666,
14681,
19530,
85830,
75126,
94811,
10548,
46929,
89015,
44993,
21798,
80879,
69863,
87776,
27935,
57996,
46620,
28623,
15788,
45307,
24847,
59665,
19847,
68439,
34790,
70791,
94244,
3606,
30807,
28895,
56438,
30106,
13241,
44276,
16922,
39921,
39201,
20440,
81651,
97165,
40496,
64404,
38286,
72111,
21761,
87689,
63255,
74120,
38648,
41911,
73314,
91686,
67680,
63335,
35076,
16675,
27629,
18766,
60167,
32096,
19662,
5190,
64888,
51721,
94098,
29829,
44901,
40882,
99609,
27199,
25261,
53577,
16560,
47471,
94848,
12607,
75781,
98896,
76112,
62812,
46008,
99025,
3144,
75737,
40171,
30624,
92357,
10362,
98692,
55731,
61250,
11853,
34996,
40594,
32947,
45472,
88895,
76887,
89852,
8851,
44906,
65498,
59,
80042,
91262,
54177,
43576,
14249,
27693,
81464,
68142,
21684,
53133,
17854,
45795,
69714,
64703,
64974,
41197,
14323,
94841,
6026,
47214,
50502,
53308,
64199,
73288,
25233,
3618,
93140,
17281,
85998,
82697,
74340,
18716,
90171,
6579,
36971,
27151,
29417,
23674,
43615,
38917,
78627,
22173,
51022,
96139,
48955,
73022,
17961,
95347,
68102,
92863,
93200,
73678,
6697,
95981,
8360,
80760,
29408,
96956,
68899,
17077,
56422,
40797,
77947,
18727,
80187,
9041,
72024,
67869,
14333,
47921,
72161,
71829,
78958,
87020,
68124,
54547,
17428,
2130,
47334,
76330,
78447,
64217,
73896,
26556,
28887,
41514,
42022,
26007,
63121,
28630,
91055,
18847,
75866,
30583,
49672,
12479,
97051,
51376,
76430,
27690,
33334,
57678,
63647,
39829,
18433,
58695,
71820,
38830,
25988,
930,
50070,
66566,
89150,
73299,
13591,
89052,
92436,
84330,
16139,
35017,
99839,
41132,
39757,
46191,
52470,
88155,
17441,
24477,
78485,
16573,
68684,
35531,
85643,
4707,
83357,
6199,
74638,
36201,
4022,
33461,
89118,
76295,
75351,
78076,
64486,
92525,
72484,
40707,
49808,
28833,
59168,
617,
83665,
26060,
98918,
64396,
38021,
50415,
35293,
6218,
68849,
66005,
2108,
18664,
27153,
63133,
99622,
74317,
80529,
79921,
78029,
11752,
13931,
26274,
9265,
49784,
86449,
23885,
23742,
52311,
58778,
26483,
53870,
98564,
64877,
3056,
2437,
68754,
13343,
27084,
5056,
77879,
27947,
9232,
2102,
13239,
68600,
66096,
51934,
16064,
41179,
53570,
70870,
29461,
66274,
25952,
43455,
32629,
41828,
46598,
36100,
21989,
35640,
53584,
81685,
38552,
6037,
40934,
10912,
32512,
67026,
91626,
90748,
10595,
63315,
39504,
36051,
39479,
1503,
61730,
37858,
55898,
58432,
74850,
79602,
84235,
15038,
82754,
89702,
17220,
12415,
16505,
27759,
38760,
97712,
93308,
64078,
58299,
84154,
9425,
48371,
33401,
1145,
61590,
72561,
74031,
37951,
92970,
10973,
69527,
8670,
73785,
60262,
83751,
19663,
21596,
65044,
21451,
30443,
10740,
96478,
70245,
43039,
58655,
38351,
71,
99106,
41556,
78374,
71042,
89272,
90056,
62827,
72809,
61284,
87443,
10071,
14399,
31391,
81962,
51386,
70777,
68586,
86381,
50058,
52176,
24438,
18705,
7485,
74491,
4987,
2065,
26711,
73454,
13050,
70311,
63056,
34774,
51458,
99433,
43142,
19788,
95206,
55016,
6640,
76094,
46659,
46374,
23736,
62728,
6647,
71231,
5923,
51899,
17267,
49814,
8429,
19427,
40217,
68319,
4888,
14960,
57752,
24088,
69908,
17565,
20175,
93954,
63668,
67139,
58772,
19888,
33526,
66259,
76046,
65285,
30542,
167,
22122,
3611,
46143,
25655,
74038,
84014,
45319,
83648,
88796,
92854,
98366,
94419,
34530,
86742,
86769,
81469,
91043,
52243,
9259,
23296,
76736,
74157,
45731,
28804,
12995,
53196,
62695,
74958,
79368,
82790,
29714,
96474,
15575,
1172,
53975,
68902,
690,
92137,
82237,
7393,
41273,
4589,
80943,
24811,
15309,
47761,
22982,
81450,
24235,
54207,
56326,
89190,
34651,
87752,
67025,
15553,
3369,
32749,
81894,
26322,
39404,
1838,
35068,
37030,
53230,
62362,
3735,
43664,
82281,
83658,
94011,
45023,
50989,
35868,
33683,
68680,
27774,
91510,
14618,
3229,
98287,
69773,
95251,
13462,
18601,
19868,
36270,
69502,
36213,
98811,
48599,
69889,
31696,
38290,
5394,
87283,
91129,
35606,
75903,
20408,
33410,
81370,
46664,
62977,
99453,
25995,
44625,
62377,
32064,
67439,
34961,
70392,
39197,
16105,
17300,
12004,
59006,
40643,
41975,
65806,
59200,
28091,
56569,
72828,
82486,
3335,
91947,
3443,
44509,
20511,
34065,
4778,
21078,
20330,
28208,
54392,
80405,
31804,
8542,
65490,
38109,
39275,
4706,
73126,
28447,
62697,
44770,
89345,
86026,
93583,
12760,
24014,
97074,
34443,
65516,
91206,
68859,
24256,
62252,
2762,
73174,
24610,
29787,
854,
75389,
60563,
78826,
56615,
51399,
27313,
81107,
52772,
75083,
40760,
7452,
37302,
49610,
49805,
27905,
16668,
75706,
99557,
47072,
38128,
95841,
79508,
14210,
89637,
17683,
86410,
87786,
96807,
18347,
9875,
46362,
11204,
71514,
5193,
94328,
3725,
86629,
93727,
84727,
72623,
89877,
96320,
13924,
22176,
30747,
34106,
34117,
76553,
80180,
98954,
7308,
60209,
94079,
63394,
68335,
76213,
7149,
83352,
51710,
25311,
45253,
96612,
98353,
72176,
59260,
1653,
2459,
39278,
98963,
63260,
11039,
18309,
48678,
57911,
44416,
30697,
99432,
58030,
55713,
75583,
68990,
939,
99979,
27754,
18084,
89378,
86034,
72639,
2176,
13400,
10257,
42841,
70016,
51160,
63397,
10838,
73972,
62042,
63963,
14983,
52921,
55612,
15318,
58742,
40147,
12944,
58596,
40302,
97354,
75111,
35602,
93734,
76575,
93884,
24987,
95244,
35771,
534,
68508,
26366,
78370,
81654,
29785,
68246,
59469,
17477,
43665,
33828,
68900,
13181,
83745,
19049,
25061,
64667,
52167,
40462,
18629,
30955,
32863,
56157,
48251,
49861,
88537,
18503,
19235,
85827,
24257,
86391,
83133,
22339,
4757,
84285,
13052,
91905,
71656,
5217,
96758,
14246,
23823,
90966,
39419,
25266,
49523,
91519,
49977,
27284,
79582,
40751,
79585,
62616,
46,
30793,
54425,
89932,
98192,
98333,
49405,
73668,
95619,
83750,
45287,
92802,
38498,
62277,
56178,
18786,
67751,
18244,
98689,
79830,
74245,
1438,
72194,
2363,
8891,
20304,
94336,
23028,
34814,
88512,
97585,
92796,
36507,
81265,
17378,
86378,
84937,
59399,
91635,
70250,
27267,
75763,
98967,
39038,
27644,
3396,
16341,
37631,
32722,
69512,
72811,
54969,
84223,
78225,
45928,
13313,
8368,
78395,
2195,
90866,
55774,
98010,
29440,
65147,
69048,
50192,
60058,
27256,
12888,
62951,
54985,
77224,
41783,
38445,
46381,
94141,
53193,
76734,
9236,
73935,
5027,
251,
98395,
14752,
57626,
9374,
54404,
96481,
76647,
90987,
90691,
21559,
80996,
14357,
87125,
9019,
52723,
40502,
12818,
12518,
24051,
35644,
67052,
9182,
19728,
99152,
43308,
19102,
26194,
64351,
93165,
35505,
41846,
10952,
59824,
50356,
40806,
1340,
66434,
34346,
15543,
7825,
97175,
40720,
76300,
53504,
62303,
3533,
83754,
33212,
34571,
8662,
65716,
68317,
69011,
24308,
73423,
96990,
62452,
69587,
84400,
36789,
57027,
3028,
2447,
72597,
33300,
26456,
43725,
82886,
70455,
94774,
407,
61751,
11788,
83213,
53238,
76963,
48110,
69216,
12546,
84152,
7144,
29537,
25776,
19243,
62407,
98275,
47496,
28629,
36918,
78339,
23570,
43711,
43785,
71797,
39759,
12856,
59232,
78992,
91789,
82723,
74226,
48756,
55800,
25873,
63809,
36854,
95163,
2388,
71061,
8110,
59971,
42900,
92803,
75421,
80869,
61562,
71633,
32011,
13451,
98763,
6031,
98357,
27960,
21150,
83634,
78640,
65217,
63601,
83205,
20717,
88261,
7015,
90667,
9496,
8090,
74486,
83085,
21502,
15405,
34036,
14259,
48691,
42484,
89777,
46597,
16016,
8901,
87619,
86131,
86273,
72385,
31542,
50923,
65321,
70972,
66530,
27331,
63378,
43535,
90924,
82986,
90967,
33488,
33348,
34393,
34434,
95153,
72359,
70029,
76664,
42321,
94792,
37537,
38236,
40583,
99478,
23302,
29030,
18349,
49108,
98095,
75128,
47708,
37459,
44396,
25677,
92478,
17810,
81362,
48523,
26933,
49053,
82183,
83444,
88481,
31322,
62980,
8745,
54472,
8945,
18028,
34423,
4169,
34894,
39253,
40975,
47152,
90738,
1351,
43865,
74508,
98477,
68131,
17569,
85958,
57195,
33938,
54336,
53412,
11558,
25473,
85000,
2465,
9263,
87210,
93224,
50068,
18022,
59911,
20771,
73707,
27730,
16185,
38041,
11925,
87987,
77043,
38437,
17122,
41768,
67148,
81731,
75702,
18999,
34380,
1032,
67402,
81059,
65202,
97270,
34743,
50744,
22170,
53348,
51790,
56478,
85322,
84065,
48702,
477,
30534,
20092,
25146,
24703,
28730,
75429,
67631,
86095,
89872,
3552,
13064,
25152,
47405,
15808,
1979,
4012,
18358,
36615,
63410,
86096,
59283,
71397,
60699,
25726,
46568,
60173,
43225,
66532,
85784,
81893,
82897,
83130,
13132,
36829,
49538,
1574,
661,
85891,
30427,
69312,
97055,
87291,
99006,
94192,
37070,
11360,
60709,
8711,
41700,
9946,
92244,
87796,
79053,
94039,
73160,
90394,
7583,
8584,
5859,
30357,
64190,
10456,
38196,
75470,
61403,
440,
33912,
87322,
1209,
6872,
23419,
56091,
43810,
80332,
98885,
99917,
59845,
33480,
97040,
52108,
3682,
85722,
55851,
99554,
71526,
1142,
28268,
37399,
48309,
34493,
96234,
67980,
48886,
13935,
77379,
56657,
42098,
90183,
25332,
95205,
91735,
60111,
16212,
26014,
53769,
96315,
1511,
6520,
49010,
47545,
34523,
19291,
32235,
26961,
56252,
55718,
62157,
83848,
65099,
36071,
30174,
45378,
19559,
58008,
97951,
29166,
37557,
29492,
64599,
73118,
73829,
71838,
38057,
20934,
94339,
28494,
75260,
34799,
41974,
25533,
18424,
27876,
45087,
53625,
34958,
68151,
81262,
95430,
94758,
12039,
63525,
98624,
79083,
88183,
43727,
24893,
24634,
3478,
26721,
84981,
57872,
12473,
26782,
87276,
21313,
18855,
36555,
39072,
54320,
16825,
71564,
51656,
46793,
80410,
5010,
9451,
57425,
28647,
25886,
18765,
49524,
35649,
22643,
38750,
92491,
70147,
14972,
12158,
96495,
99804,
83194,
50998,
51695,
51642,
46187,
44329,
65946,
50852,
43441,
60826,
98758,
27096,
8248,
12720,
45644,
21600,
43845,
56695,
30528,
86889,
78228,
8578,
52175,
98356,
54036,
31488,
18893,
60968,
2420,
2355,
43637,
56155,
23405,
4440,
61598,
42649,
26652,
97824,
59120,
96535,
20368,
90670,
77897,
72871,
29448,
16458,
10384,
74517,
66082,
43211,
69600,
2597,
83115,
58072,
12755,
3172,
80909,
4971,
44318,
60202,
47757,
3228,
38563,
80389,
48292,
57081,
19838,
55843,
30374,
33398,
49083,
79428,
38849,
68553,
78423,
71666,
29642,
13450,
99764,
58635,
90756,
77452,
40201,
25107,
24298,
26057,
1997,
38736,
91478,
31092,
37792,
25429,
93743,
45269,
36095,
77576,
89252,
27640,
44516,
64099,
79252,
19707,
96395,
31917,
85033,
34590,
47115,
4101,
43508,
82597,
71914,
71754,
41729,
50646,
80804,
24283,
36670,
68176,
80056,
59318,
26794,
6279,
53867,
59829,
48432,
87035,
95466,
50621,
24494,
433,
98291,
9819,
15202,
22514,
13501,
77492,
10108,
23441,
30020,
53586,
34489,
94276,
20920,
54937,
78707,
60488,
99396,
53868,
14515,
62840,
7458,
14744,
83808,
97877,
18043,
70002,
8860,
44738,
52166,
89210,
28756,
7001,
23500,
45783,
98421,
4705,
93653,
39645,
74004,
33905,
19191,
22135,
93288,
51234,
81996,
263,
12043,
34319,
99352,
23308,
33268,
70141,
14047,
77074,
51066,
45631,
93835,
71464,
96654,
52294,
56209,
72481,
23316,
22042,
98080,
11624,
41767,
10649,
18141,
93026,
41784,
69207,
84229,
97010,
16790,
86836,
39878,
87815,
77065,
24888,
6417,
22330,
49188,
84415,
73932,
96305,
32523,
47066,
33517,
91529,
59331,
25267,
10196,
89736,
18888,
80575,
37520,
47467,
49857,
17948,
73610,
25899,
71869,
40060,
38360,
91927,
85709,
29327,
37271,
52875,
68948,
7315,
50854,
95036,
21075,
53598,
2978,
66400,
49582,
8174,
46792,
14192,
76272,
9618,
69609,
63094,
71071,
27744,
57152,
2206,
30041,
60511,
32998,
86797,
80772,
2203,
67597,
55776,
12228,
98858,
16707,
77541,
30,
41141,
24271,
46220,
51614,
46538,
42005,
74838,
20900,
85596,
66073,
26663,
61615,
37710,
91419,
54653,
61567,
9261,
50830,
14602,
90643,
62389,
22427,
53695,
8254,
48297,
82263,
36207,
54239,
6930,
5092,
40153,
33959,
49113,
10068,
23119,
4182,
91997,
2732,
96043,
69147,
21295,
18504,
78545,
28035,
57855,
37686,
27674,
34020,
98343,
22655,
32789,
92657,
53322,
14793,
50256,
19269,
49659,
30848,
313,
5047,
36020,
9822,
71133,
37700,
96622,
88074,
4974,
93405,
82180,
33796,
53366,
81134,
91367,
68534,
66287,
68526,
79795,
48318,
27822,
93006,
29827,
80724,
37203,
98463,
68776,
28593,
29722,
36966,
35638,
7087,
75555,
67993,
80473,
20049,
82893,
75726,
82305,
37806,
17352,
32018,
77559,
22295,
72,
38173,
85113,
30459,
31546,
59721,
73228,
52968,
74988,
16670,
89380,
69542,
76900,
55390,
26232,
98516,
14982,
56037,
98034,
9330,
80259,
57559,
48605,
5134,
98,
83245,
2331,
9279,
60550,
71571,
43181,
57787,
11839,
11665,
31088,
20981,
6648,
98060,
30353,
15316,
79160,
23808,
75607,
64558,
51913,
4235,
9915,
37056,
61537,
85350,
78877,
281,
62173,
15610,
72886,
64579,
19178,
3704,
7586,
19012,
40790,
89430,
79101,
26478,
14107,
5191,
67264,
4282,
25101,
93955,
51079,
87149,
27242,
88791,
62178,
96623,
32941,
16117,
69230,
81447,
77535,
21889,
11385,
52373,
77750,
63597,
16882,
35962,
85066,
21497,
7211,
318,
71948,
57001,
1710,
41350,
70949,
72175,
24325,
72254,
5131,
10021,
11616,
15060,
15436,
3434,
5664,
34488,
84965,
32369,
23802,
23397,
46068,
89701,
15074,
3301,
88193,
67901,
99045,
84358,
32939,
19014,
26629,
66296,
23167,
34057,
84040,
42231,
87985,
64319,
42591,
21663,
62607,
73109,
14141,
32804,
45974,
14360,
97423,
55570,
70973,
86155,
63854,
58626,
41868,
18344,
89778,
21819,
96134,
92816,
58660,
50756,
91459,
48588,
62635,
32483,
82001,
1923,
10873,
48808,
66592,
56221,
84076,
3213,
86907,
47129,
2513,
45436,
65582,
92556,
12513,
96768,
61294,
82307,
89008,
82239,
93272,
10156,
94864,
46458,
49704,
66013,
47721,
37192,
21810,
71072,
48,
24457,
46401,
9876,
42505,
72613,
4512,
46836,
36370,
83272,
90330,
34891,
96635,
45432,
50082,
4382,
79786,
52878,
36790,
20130,
14497,
80731,
47380,
51460,
29281,
95664,
71949,
76159,
17396,
25404,
75926,
43460,
38603,
66463,
66949,
55608,
73425,
35352,
26000,
76229,
73897,
91585,
13297,
15412,
17915,
49217,
20282,
16837,
93077,
99422,
32751,
43525,
8474,
33388,
12890,
43476,
79328,
74182,
27814,
23380,
62950,
59615,
90616,
50150,
16021,
67257,
95762,
30162,
5814,
84430,
4792,
23694,
13348,
60334,
11386,
43229,
78889,
77187,
35468,
88503,
19668,
37536,
69799,
24241,
34442,
38482,
80618,
50225,
65398,
98795,
92992,
13952,
16362,
97755,
79639,
64032,
77400,
75427,
55127,
76282,
73240,
82317,
30753,
34788,
60635,
66663,
33216,
23409,
8709,
24484,
54252,
27793,
49052,
65129,
10868,
50105,
69395,
46464,
23907,
3796,
22115,
33904,
98179,
47797,
23496,
93541,
37769,
40634,
52174,
92438,
87003,
28822,
15758,
97741,
99795,
59604,
77376,
72591,
32994,
29053,
22920,
17587,
66618,
73304,
4629,
9429,
80990,
21525,
30559,
70035,
48013,
67938,
61370,
75346,
31484,
20271,
6576,
97160,
52402,
32790,
27934,
42280,
20878,
40330,
46041,
48906,
28872,
76095,
64372,
44862,
29203,
21160,
79773,
16340,
98279,
88831,
68986,
88607,
72533,
52410,
83184,
55660,
92899,
97395,
88536,
20259,
18374,
3123,
18411,
70539,
73065,
75289,
62304,
74,
3737,
30142,
59136,
82523,
33128,
34838,
32209,
78534,
88198,
30724,
22233,
26292,
25793,
31640,
33439,
53945,
29949,
80462,
86473,
50456,
15501,
29870,
20888,
84659,
57423,
29962,
42004,
77100,
44899,
96978,
9352,
13762,
4479,
79775,
48259,
5048,
88754,
25058,
25458,
47667,
18072,
90365,
42340,
22201,
89467,
73069,
21833,
96795,
86965,
5459,
98922,
40139,
82713,
99501,
77476,
703,
24135,
74961,
66268,
60629,
21506,
9703,
25600,
27476,
58751,
36261,
16978,
70734,
65125,
9686,
71448,
40179,
33090,
61506,
44401,
82396,
22660,
11914,
71421,
24030,
21273,
99477,
55974,
68999,
55901,
25034,
47692,
28452,
31056,
47248,
42097,
43187,
12206,
78749,
51610,
9159,
37402,
61224,
14410,
10146,
7596,
14205,
71070,
58546,
48763,
99508,
21743,
74812,
5150,
59149,
36319,
44566,
59067,
10010,
32636,
37621,
85893,
43757,
57660,
91797,
25857,
54083,
87475,
54836,
3942,
72278,
75936,
95772,
43799,
64500,
90505,
81428,
21653,
50303,
98500,
14000,
6285,
62724,
27445,
1067,
291,
64902,
96835,
39718,
90460,
60412,
86166,
50137,
8253,
81895,
43719,
90994,
61200,
58571,
52740,
86683,
41045,
45105,
5062,
4417,
79986,
38018,
72956,
88206,
8058,
59547,
71572,
5195,
37157,
13244,
38832,
54389,
33736,
96511,
43866,
9365,
29687,
1504,
93311,
82936,
24968,
11548,
24773,
57220,
28611,
53438,
63890,
95056,
65655,
42254,
59841,
59935,
43478,
4825,
83802,
87054,
13092,
17005,
49358,
5686,
39276,
66294,
33376,
15917,
74163,
69684,
90712,
89924,
36137,
67611,
44858,
24227,
31126,
90359,
64151,
35773,
41648,
10774,
13189,
34452,
5625,
63375,
56802,
35718,
80531,
84022,
67907,
9190,
71937,
32924,
58583,
8330,
96694,
21355,
41646,
53951,
11986,
50828,
31102,
58535,
41361,
31095,
37038,
29600,
25883,
46727,
64432,
13372,
63626,
58644,
41906,
23052,
57857,
4191,
31753,
83729,
7854,
75029,
23395,
12903,
46133,
78111,
46962,
11109,
48946,
85894,
70150,
13666,
85349,
69532,
36929,
9926,
70298,
69871,
94713,
65677,
45932,
1906,
13196,
28953,
86835,
1325,
69172,
32034,
52603,
85959,
74131,
50747,
93543,
8933,
92353,
70694,
52695,
28524,
18803,
76456,
97265,
97932,
95192,
46486,
49076,
78062,
36608,
92824,
49230,
78469,
82777,
38439,
30100,
77265,
17412,
780,
78281,
13016,
21676,
25761,
34991,
61946,
62927,
9929,
27559,
71056,
26881,
80276,
15834,
25503,
4790,
95689,
83353,
1770,
46061,
14015,
81096,
7034,
43323,
24007,
10029,
73108,
33361,
47363,
81116,
69726,
63652,
79874,
37650,
63340,
54527,
42997,
34712,
4864,
82309,
1461,
99348,
36426,
10879,
89267,
28748,
53258,
77283,
91576,
97562,
91263,
652,
21190,
27615,
98610,
26565,
84355,
71563,
99069,
42618,
46847,
5643,
28977,
38457,
56839,
55682,
63249,
90296,
47151,
41531,
27059,
83577,
26419,
78328,
25116,
93565,
36297,
5996,
34019,
28814,
49478,
69632,
82276,
2175,
69342,
6733,
91126,
81846,
47207,
12431,
85327,
92515,
18525,
93285,
3084,
97993,
15002,
22859,
33607,
78838,
92493,
40705,
13387,
8010,
89102,
8503,
6019,
21814,
26267,
69339,
56776,
89973,
55494,
72545,
7623,
63533,
54089,
69408,
4491,
32766,
31529,
49455,
69412,
10783,
43416,
54978,
89993,
57758,
53589,
12274,
8313,
82432,
94298,
3350,
35461,
80109,
45396,
24984,
39568,
50727,
19564,
80709,
52383,
48275,
99253,
41362,
26767,
66545,
54113,
3550,
27586,
86583,
60079,
99787,
68564,
58160,
36326,
40033,
16127,
79292,
11656,
78295,
11772,
45342,
91602,
4945,
31718,
29715,
49417,
70233,
28000,
90032,
60627,
89801,
95545,
5960,
48602,
99205,
93749,
98147,
16631,
90925,
41610,
46545,
51636,
66128,
1114,
19618,
8787,
87967,
64305,
61596,
69139,
53936,
40697,
67573,
47246,
70384,
51255,
73142,
14098,
79771,
78123,
14903,
52553,
88871,
59362,
64699,
46094,
91364,
76683,
70532,
74740,
55534,
22456,
70144,
34982,
31779,
41432,
72106,
93175,
90819,
88361,
53840,
27587,
35928,
60530,
74189,
72837,
70294,
96442,
62880,
10539,
73268,
66630,
15496,
48266,
99322,
49476,
63281,
87288,
74681,
10591,
27515,
16817,
68858,
21913,
46447,
26372,
86237,
64219,
73251,
37389,
62847,
22095,
34632,
32849,
67133,
27175,
6557,
5493,
47481,
55027,
43946,
68211,
28279,
55498,
54327,
36614,
69841,
22269,
75847,
57878,
56179,
12505,
26949,
95147,
13135,
20286,
81701,
19912,
54178,
38947,
23403,
44715,
2924,
37591,
45357,
87310,
64059,
16118,
67240,
6784,
93231,
99984,
79828,
44361,
7209,
28569,
44661,
94565,
19639,
83366,
31498,
90213,
82298,
88829,
93668,
68326,
59468,
33990,
35232,
47908,
36087,
18831,
25812,
48573,
86027,
75783,
35842,
96086,
18817,
94273,
17298,
2207,
67360,
47730,
98232,
65486,
94250,
63446,
43666,
68069,
94988,
20223,
60890,
33982,
56491,
17599,
38282,
36638,
40827,
83953,
57807,
22640,
88301,
93680,
11903,
46878,
26152,
5865,
89621,
23166,
98324,
48404,
14686,
28299,
24970,
17462,
23442,
79456,
58106,
13422,
86929,
21576,
40131,
87658,
31475,
36174,
99502,
46421,
44435,
16843,
2778,
54895,
39026,
87958,
87948,
93194,
65587,
7524,
28547,
22083,
58786,
81922,
78437,
92995,
1811,
77671,
2544,
21228,
11016,
37925,
96337,
27323,
57130,
42417,
11421,
42782,
51166,
222,
82290,
24981,
6900,
58727,
60018,
85637,
86170,
44116,
14132,
22198,
7719,
38203,
66907,
46744,
13901,
64870,
82153,
65923,
16661,
90208,
80562,
8169,
89629,
88082,
75888,
78700,
78681,
98488,
6238,
72301,
94376,
10849,
89527,
8842,
36422,
33245,
55378,
36867,
81472,
70530,
10593,
91902,
9158,
19150,
47113,
75897,
86954,
373,
27957,
76465,
96912,
5247,
37830,
8766,
28178,
89429,
23925,
83173,
70681,
38745,
76055,
82247,
84546,
16181,
26997,
88890,
11032,
61413,
34804,
40474,
89746,
2563,
30925,
18937,
81809,
7239,
82667,
71667,
6720,
59396,
38941,
14578,
99104,
92224,
34396,
5122,
91537,
5497,
140,
57826,
26279,
39700,
30239,
57013,
15617,
9260,
10966,
40534,
90083,
92032,
94138,
77027,
89276,
27631,
6593,
40787,
15196,
29466,
60832,
28019,
1796,
93137,
7387,
25118,
81707,
38169,
84309,
27950,
68917,
50804,
63949,
92886,
53079,
20568,
53036,
52960,
88652,
58333,
91657,
54593,
31616,
35855,
91303,
52034,
7168,
5212,
64438,
11176,
39355,
65259,
67222,
85832,
14207,
34403,
48770,
31853,
60174,
34133,
15003,
39071,
29383,
74080,
55400,
80449,
55245,
69152,
88159,
95892,
60335,
48363,
22056,
81315,
97591,
32219,
35423,
62412,
77584,
12651,
51198,
94780,
59266,
92294,
13240,
42322,
2226,
61838,
87196,
64480,
67511,
23486,
91769,
47060,
21829,
29507,
85634,
89520,
22684,
39074,
27974,
89407,
12366,
33188,
19030,
4016,
91027,
62471,
90647,
30294,
2284,
73089,
32477,
82805,
54274,
41357,
75739,
56142,
22436,
22976,
75612,
18798,
17454,
76966,
51128,
44018,
57032,
22020,
9821,
42121,
61303,
86320,
53047,
98862,
62415,
25579,
70626,
54846,
63785,
95331,
38698,
58086,
31319,
27300,
29618,
50618,
93905,
39980,
28559,
87623,
6873,
69672,
63383,
98799,
60623,
12127,
75324,
48945,
56509,
30433,
40008,
50382,
18872,
63396,
2016,
12930,
19321,
25741,
20212,
60358,
88189,
12853,
92411,
17398,
75347,
34394,
78837,
79652,
11114,
17803,
461,
17029,
59002,
66143,
61798,
98865,
52159,
51639,
87170,
52480,
66703,
5143,
29256,
48407,
74416,
91197,
51859,
47895,
4989,
61463,
44709,
60291,
2608,
59264,
85186,
33003,
6311,
22114,
61307,
83275,
67049,
99212,
48619,
90474,
35098,
29888,
85902,
29861,
57900,
20247,
74965,
63995,
5514,
53383,
8765,
35150,
30679,
38653,
22116,
90165,
7761,
49179,
68821,
26435,
21009,
28764,
87302,
71592,
80765,
35216,
13136,
77091,
2143,
84114,
29261,
30578,
75910,
67234,
26982,
44149,
62395,
3907,
68996,
29142,
79637,
15623,
27689,
64257,
59834,
65005,
43980,
13842,
62851,
74249,
27681,
57733,
87262,
75189,
17562,
63937,
5874,
92968,
60182,
7606,
78614,
68304,
76962,
77895,
52067,
2529,
38636,
81713,
65475,
94660,
11033,
8682,
65537,
39317,
96826,
33774,
10206,
67729,
4471,
30212,
40106,
71220,
34909,
1115,
57982,
2823,
63486,
4252,
96630,
7262,
16671,
21971,
12913,
84315,
71779,
39576,
78244,
68298,
81314,
23341,
57884,
64542,
61842,
4901,
95304,
63502,
35618,
47822,
38461,
66416,
32404,
95477,
77183,
75444,
48665,
77775,
66396,
60088,
49742,
3839,
60531,
85851,
86487,
84907,
95325,
87045,
90093,
51923,
96040,
50094,
23415,
83605,
62297,
46233,
46180,
1343,
8266,
46149,
65922,
40399,
96357,
23825,
51531,
35260,
71354,
13844,
55048,
73008,
10466,
16845,
28986,
58527,
25166,
69459,
80471,
70119,
34315,
65561,
22790,
52201,
63380,
20637,
37037,
48212,
53996,
62599,
57435,
85850,
65010,
29984,
74083,
80017,
8660,
58564,
94046,
5346,
33535,
76880,
13005,
57990,
5171,
86082,
33851,
99242,
61870,
26650,
42493,
25095,
89027,
10058,
94610,
65119,
21453,
14149,
54624,
95906,
84231,
58235,
41544,
53255,
11495,
68401,
93465,
64752,
70658,
42135,
53330,
63739,
59771,
88438,
76671,
7492,
98580,
75932,
76343,
19344,
14656,
99883,
69289,
79502,
5854,
350,
21868,
74443,
45556,
77368,
57125,
4860,
51239,
47140,
60833,
97278,
74426,
53064,
54383,
83434,
29145,
52558,
82270,
69111,
73709,
71642,
56289,
14482,
45639,
8242,
84984,
3642,
93608,
50719,
81300,
22797,
19027,
3193,
22363,
22001,
12528,
28174,
77884,
82151,
1645,
46249,
8830,
94656,
67172,
46711,
48930,
87335,
20670,
24939,
11367,
83283,
13105,
26665,
83416,
85245,
65145,
18019,
27470,
97673,
9877,
87343,
35664,
54729,
51509,
13507,
51336,
51219,
40120,
68014,
45869,
69331,
47262,
5026,
83728,
211,
42372,
9513,
61953,
28576,
56711,
47371,
10648,
18290,
27312,
93124,
38573,
71887,
36291,
44038,
15341,
43364,
93854,
94814,
23439,
85966,
83875,
45666,
62556,
6250,
57307,
8762,
20190,
76743,
70337,
37178,
47489,
88328,
78514,
24075,
31434,
20972,
43155,
23481,
7913,
89917,
35634,
8671,
14162,
17825,
53652,
79357,
2966,
79311,
46453,
10136,
2916,
47106,
97349,
76633,
23555,
90612,
37842,
44754,
50554,
45601,
7896,
71240,
85132,
37437,
50307,
78180,
74407,
89068,
49505,
62463,
57852,
72395,
60923,
37513,
65050,
17619,
69817,
74089,
3937,
71641,
38061,
16628,
67356,
20345,
53825,
77467,
7265,
84926,
91318,
33612,
68308,
79993,
53334,
99648,
9833,
67467,
82725,
67677,
84078,
75571,
70908,
91230,
4318,
33942,
20427,
5626,
98566,
91375,
5434,
45936,
31213,
29791,
37049,
79266,
89148,
88180,
22221,
38108,
84964,
65723,
39779,
98523,
9563,
39451,
27772,
4175,
65700,
67990,
37703,
72895,
2535,
69304,
19265,
32229,
42369,
12379,
95214,
75797,
7965,
56729,
58153,
53783,
42069,
66466,
83981,
91975,
79163,
57573,
68399,
86940,
88079,
41662,
40155,
35437,
17646,
42739,
67929,
95642,
57296,
63902,
86607,
55797,
25281,
54139,
76475,
74297,
24279,
16380,
61671,
29419,
23233,
42112,
1635,
10942,
98552,
65121,
36086,
57214,
15086,
99309,
8911,
8311,
32081,
76971,
4515,
90815,
55041,
50578,
99635,
88516,
25806,
30507,
48862,
34596,
58178,
8523,
8797,
81380,
56313,
75678,
88663,
3373,
50607,
1671,
43401,
98920,
48369,
2561,
1193,
97230,
66770,
75096,
12539,
14222,
63475,
47980,
86255,
21785,
91232,
42722,
61883,
70204,
29322,
69806,
66628,
40578,
58927,
86556,
32593,
18799,
83110,
54468,
61372,
4462,
23853,
1070,
871,
31861,
3698,
96647,
35530,
71069,
18311,
33261,
26207,
33196,
52331,
15281,
13860,
66580,
19805,
3691,
83050,
75018,
87602,
43905,
25946,
7108,
95633,
73882,
76556,
92415,
61299,
96864,
22019,
86035,
17753,
6040,
2059,
12323,
67070,
82046,
19783,
79818,
45480,
43908,
45738,
54129,
43458,
4744,
46890,
7988,
86438,
88634,
9130,
35042,
16786,
48429,
81217,
84271,
24117,
24529,
56039,
10473,
56439,
80889,
34857,
75634,
51658,
27225,
95008,
8752,
52319,
40987,
10854,
57698,
58398,
63064,
95241,
12244,
51388,
52843,
65345,
4882,
94289,
77774,
63770,
14112,
63058,
79221,
42117,
96734,
37611,
39492,
61695,
13059,
92203,
62393,
6241,
60179,
47141,
19403,
77259,
99996,
49440,
89934,
69437,
29583,
7032,
69041,
31182,
84484,
54248,
93692,
78955,
4878,
23876,
42840,
69923,
93967,
23225,
8591,
32925,
78975,
47026,
659,
48850,
57773,
13211,
60777,
99394,
18457,
26123,
61674,
58308,
45965,
40522,
42027,
57151,
52153,
56871,
63849,
15296,
96879,
6564,
31341,
13814,
73565,
10982,
7971,
90948,
91793,
25162,
82354,
38189,
30693,
27921,
85340,
86787,
65074,
38536,
83017,
82143,
13506,
40610,
73921,
34352,
57416,
95594,
80039,
7879,
72405,
33274,
60575,
27635,
2602,
80714,
74959,
15285,
44908,
9258,
70266,
82968,
81643,
93344,
87338,
80610,
62248,
75652,
54164,
72622,
48549,
62133,
68618,
20114,
22,
91214,
71936,
78648,
48583,
26063,
58991,
32469,
17278,
84255,
25258,
38866,
5810,
70722,
98711,
83772,
75352,
75142,
59233,
7669,
19782,
73814,
83466,
75656,
33463,
84803,
50254,
66291,
22929,
74953,
30448,
6132,
94786,
47560,
35100,
61034,
31471,
11471,
17364,
68720,
27510,
3564,
84535,
32977,
87460,
62470,
37308,
1424,
59141,
43678,
71947,
37177,
66784,
96328,
42916,
58679,
82222,
13161,
43090,
63279,
98145,
65511,
72884,
60417,
34016,
62898,
73654,
55095,
33178,
9813,
74952,
17997,
1690,
3507,
95507,
42358,
65112,
44088,
19303,
48215,
40463,
15359,
48571,
56599,
51299,
60157,
8439,
15425,
12461,
59366,
62267,
83285,
77847,
30598,
96422,
50413,
6657,
5848,
12764,
75181,
29572,
93890,
40616,
83413,
90981,
78489,
42903,
75493,
48538,
86636,
14213,
46090,
700,
90019,
64861,
90169,
44914,
55200,
46937,
61931,
38289,
74819,
24160,
61160,
61438,
63806,
39136,
4664,
24010,
4711,
731,
89904,
26942,
14812,
11940,
35527,
32106,
81166,
53818,
28085,
20501,
14035,
19207,
83644,
80306,
32547,
93180,
82129,
10569,
55983,
55452,
91290,
53717,
374,
12681,
15457,
25604,
32054,
32273,
90417,
97933,
84772,
91543,
95408,
50775,
14992,
14509,
62776,
22898,
43631,
22968,
87822,
86018,
27514,
55693,
96571,
84720,
6060,
65451,
68907,
8225,
65003,
16321,
31325,
40765,
87140,
66450,
60964,
56112,
98981,
14737,
95889,
88631,
56484,
73099,
26593,
27378,
21853,
6612,
21544,
46815,
31903,
29340,
39208,
84648,
34841,
29149,
31090,
78670,
69122,
3822,
99575,
38027,
46950,
71638,
99926,
13625,
58989,
13071,
63903,
68412,
53729,
37911,
49213,
83108,
15625,
68419,
17728,
5826,
71378,
24948,
13509,
14637,
72382,
62167,
2024,
10435,
34404,
83593,
16857,
54908,
11786,
27164,
50259,
86811,
27339,
77352,
86268,
30422,
90035,
40899,
96652,
14312,
73195,
34920,
33658,
56298,
87345,
72427,
9998,
76903,
78999,
47085,
42817,
74683,
53897,
98787,
31766,
33087,
76954,
23749,
12568,
6776,
74033,
83565,
61629,
92445,
8931,
28171,
88435,
3064,
97408,
97982,
70222,
20102,
19181,
72059,
66187,
59527,
77883,
90433,
82841,
85500,
63541,
51837,
47458,
10186,
65746,
84175,
10662,
26200,
3331,
80692,
93092,
11469,
20661,
88216,
37124,
58803,
22852,
11919,
35447,
41299,
71840,
69589,
41880,
723,
21412,
38297,
60592,
80900,
20353,
92644,
59579,
2856,
48337,
498,
30078,
75597,
95525,
73384,
42136,
5243,
49304,
72470,
99151,
64420,
66393,
68252,
64817,
61420,
22947,
42727,
96197,
34151,
24309,
73783,
79281,
88287,
7589,
12541,
14517,
72981,
55946,
83560,
24332,
15315,
98341,
3483,
19794,
43555,
69037,
18839,
87496,
94036,
47240,
20608,
45103,
53882,
44788,
66941,
23485,
70820,
99476,
68406,
95597,
76627,
59285,
29531,
30767,
20919,
53665,
75125,
16632,
61364,
54297,
21186,
82526,
37015,
20112,
27270,
79835,
18651,
6704,
84120,
55697,
74184,
20734,
32572,
90444,
98479,
97325,
37075,
25751,
2311,
66952,
62854,
81920,
15702,
46431,
69260,
64279,
79313,
77513,
15647,
26848,
94948,
39812,
6116,
47086,
99794,
72031,
55425,
62073,
11938,
72598,
54845,
40388,
87327,
13769,
35619,
63386,
90930,
1560,
90446,
20081,
11070,
84362,
51443,
73976,
43191,
794,
38465,
87236,
10144,
22745,
16972,
19082,
92749,
46146,
99679,
87271,
80020,
97037,
26685,
86267,
25778,
41683,
50324,
3083,
94177,
44501,
41813,
69497,
91825,
18714,
25962,
64296,
80424,
59290,
94788,
42949,
47261,
75158,
51411,
68614,
83016,
88271,
85133,
72535,
90133,
27715,
62803,
46907,
96775,
84105,
69427,
57965,
36169,
99068,
228,
90781,
34369,
20759,
17157,
53954,
66456,
50028,
74938,
28935,
27645,
42251,
15354,
77752,
59999,
64434,
11238,
55880,
77938,
73622,
65527,
64239,
9173,
57842,
37424,
97386,
29498,
23174,
28601,
74631,
85476,
82035,
75193,
49660,
57230,
77940,
94483,
15991,
5609,
98106,
9172,
35575,
19646,
86810,
73589,
80579,
88360,
20384,
34797,
55216,
77573,
70936,
20030,
88032,
753,
87363,
65818,
44366,
45859,
53635,
77487,
5272,
14126,
95372,
62630,
48990,
7463,
2543,
97812,
45004,
73967,
34888,
55530,
25105,
62390,
64602,
48913,
83156,
72518,
88557,
65220,
3461,
68698,
8530,
94337,
62005,
15621,
80112,
7741,
52863,
21832,
51772,
27663,
33065,
83653,
73779,
3858,
1144,
62232,
25625,
30251,
38641,
14194,
30377,
66741,
4214,
66399,
30465,
75564,
27,
476,
44179,
97390,
30944,
7667,
21201,
17276,
10813,
15265,
32609,
30166,
61722,
54765,
91611,
4579,
37797,
26391,
21778,
46514,
70744,
32021,
60259,
51930,
20078,
74992,
65847,
92085,
93123,
66555,
77498,
32277,
13576,
6354,
50320,
94947,
40513,
71977,
27723,
3554,
23256,
23213,
54560,
97965,
13646,
30080,
33271,
76024,
49844,
2060,
14924,
79659,
64940,
49467,
56104,
35155,
47854,
53276,
74551,
31206,
40612,
71428,
1632,
55499,
18328,
90539,
87112,
41795,
39441,
23516,
7384,
93818,
76111,
26467,
24045,
78884,
5875,
42606,
82412,
49184,
92718,
36403,
25866,
20588,
4099,
10490,
84640,
10035,
70022,
27431,
74503,
14877,
4249,
51095,
5392,
64510,
46275,
13167,
66338,
14017,
95340,
52532,
7725,
38915,
98494,
92237,
146,
26364,
86600,
22377,
76856,
6750,
83774,
55653,
59385,
20668,
84758,
50638,
39570,
83072,
34031,
6430,
24661,
33031,
38185,
79529,
36458,
20189,
19992,
63135,
11612,
9078,
26487,
50197,
8858,
92729,
44640,
87295,
33840,
75023,
57471,
5935,
71317,
68344,
27128,
9384,
35323,
46566,
36281,
75908,
78276,
15242,
27370,
13085,
64829,
1507,
8054,
11710,
60200,
54247,
87845,
66159,
32827,
14459,
32315,
44444,
62830,
29473,
11698,
66514,
6771,
70855,
63771,
29966,
88900,
88252,
89326,
66101,
83887,
31521,
67944,
90292,
38857,
83768,
6912,
65824,
6048,
71431,
51308,
61333,
94037,
16928,
61243,
50369,
12374,
8763,
42351,
43459,
23763,
87984,
17191,
78593,
33230,
18950,
53290,
91145,
16188,
65521,
64676,
76044,
50745,
30802,
9223,
16584,
92678,
26211,
70130,
58166,
24421,
43580,
57133,
55253,
47948,
34459,
58487,
26915,
29561,
80003,
31816,
58810,
8286,
83142,
81627,
19393,
80272,
86298,
42843,
75015,
43509,
32030,
88491,
8693,
28115,
34903,
16916,
55284,
63896,
70746,
1309,
58654,
95009,
17226,
30581,
87447,
76119,
88902,
87888,
32604,
55832,
9947,
42420,
70349,
13074,
86776,
68798,
32280,
22627,
60365,
16602,
80161,
19209,
17772,
35456,
55724,
43818,
73768,
936,
2497,
64626,
48807,
12713,
95128,
14952,
17950,
45233,
37469,
80959,
84760,
8779,
68697,
93271,
6841,
70162,
8366,
62756,
31983,
44107,
22587,
89709,
26507,
344,
55,
71011,
42287,
85771,
75061,
95644,
16526,
33498,
99454,
79440,
232,
11324,
2911,
88891,
57851,
34042,
81114,
6389,
54702,
4502,
85810,
87811,
96603,
28247,
5557,
25723,
27480,
74780,
62405,
42682,
80561,
75812,
67267,
3974,
11390,
4168,
21291,
84912,
46393,
91312,
5984,
69479,
6965,
3873,
91857,
26592,
34003,
93357,
92143,
63959,
89682,
36165,
15615,
16295,
53834,
96083,
34657,
11960,
87424,
73121,
17360,
24874,
10016,
39940,
10784,
37436,
7813,
34098,
83243,
37021,
19828,
54391,
30128,
62509,
83081,
26462,
82582,
71502,
22293,
14169,
56096,
48074,
77420,
97320,
43772,
13438,
34717,
87428,
55778,
89319,
53546,
75606,
19468,
71821,
3555,
24516,
86389,
86545,
79315,
17822,
7487,
84708,
46501,
16876,
72507,
6216,
86495,
7642,
23168,
93135,
31257,
81649,
456,
13275,
8560,
18462,
4274,
47427,
9312,
94254,
87153,
95275,
70580,
34671,
64725,
32715,
21858,
66315,
73562,
68711,
32359,
34796,
60549,
26023,
41774,
46668,
8729,
36896,
25263,
68959,
66017,
33884,
83093,
57410,
91108,
74488,
98076,
79081,
50712,
47861,
3655,
46633,
34879,
88410,
52801,
45245,
26327,
16946,
37684,
810,
17084,
69376,
13048,
13163,
73625,
88540,
68051,
63023,
89732,
7200,
53629,
77516,
77313,
3276,
87620,
76744,
13367,
79244,
69944,
21725,
6442,
45998,
90085,
83461,
63569,
99760,
85062,
10723,
74214,
58321,
91432,
74402,
2706,
97804,
31814,
2162,
75489,
69531,
48151,
17863,
73387,
42717,
55587,
54625,
39325,
8597,
63665,
88278,
50954,
49804,
34959,
60464,
77309,
3096,
25300,
31282,
57504,
9045,
96250,
35995,
89220,
68705,
69328,
59463,
17678,
28172,
82991,
45910,
84861,
10111,
7483,
36588,
33220,
78234,
16220,
64388,
70915,
7684,
67313,
97482,
2506,
37674,
77697,
40287,
46335,
56267,
287,
99521,
88374,
59004,
72541,
75638,
76695,
73445,
11036,
74453,
79190,
52847,
84719,
54738,
8866,
61408,
86575,
90080,
11467,
65001,
84724,
47093,
63004,
28863,
64487,
6769,
4863,
27980,
34342,
43184,
2282,
34189,
15527,
43491,
16936,
52080,
39776,
78380,
54934,
5221,
61059,
9268,
2515,
9757,
83311,
65627,
41069,
31624,
82380,
47544,
36739,
54447,
59298,
61118,
40076,
24552,
23424,
22809,
55347,
17376,
32172,
32486,
84503,
85740,
92531,
81513,
21018,
69228,
68857,
87925,
93094,
4924,
83784,
99853,
56970,
97746,
33846,
40701,
6746,
22736,
10706,
37645,
81495,
60568,
41180,
36485,
73868,
25808,
63660,
99112,
47904,
48560,
36242,
34664,
3062,
43650,
62307,
63092,
52549,
95999,
29552,
91422,
94931,
25324,
76845,
18844,
9644,
8547,
28459,
14261,
59583,
19482,
76138,
21206,
5423,
64622,
14733,
50778,
74986,
65347,
75390,
84608,
7408,
21258,
22073,
48631,
7632,
37511,
63515,
52608,
31737,
823,
33696,
55132,
67204,
93099,
16150,
5480,
74893,
72295,
58258,
50661,
50704,
8021,
81911,
38370,
68622,
30974,
29703,
84960,
98554,
15306,
37798,
29182,
29248,
4712,
87167,
40183,
2265,
24008,
53851,
25581,
87104,
67671,
30791,
95890,
19856,
17245,
41138,
77113,
19042,
36072,
12487,
84532,
61808,
31171,
49905,
32891,
87866,
81131,
81699,
60710,
62262,
29323,
57724,
12640,
72797,
76886,
98802,
53206,
885,
20716,
46071,
54510,
55423,
76214,
30739,
35083,
59003,
97152,
67916,
68868,
26958,
14943,
32811,
47868,
86596,
52076,
65661,
54106,
81993,
30833,
70770,
58181,
15366,
1872,
39905,
47574,
32775,
68506,
88534,
56924,
36113,
56761,
31960,
84913,
34431,
77621,
55093,
49294,
8565,
1305,
80133,
48929,
26040,
71990,
4327,
88522,
87245,
3516,
11959,
46834,
41000,
26896,
35064,
56933,
79011,
75265,
80048,
79867,
45422,
11166,
68359,
52290,
3340,
35635,
64506,
25467,
65701,
36330,
44710,
51094,
50039,
54138,
73650,
49032,
444,
66662,
82204,
53315,
57993,
45642,
39675,
2400,
13172,
65042,
22827,
54312,
39868,
74696,
88272,
9491,
64381,
51901,
90580,
97659,
4747,
97121,
21325,
5287,
68193,
93436,
36891,
19542,
13796,
72781,
68390,
73500,
29133,
92693,
61683,
37450,
92204,
57864,
85277,
81233,
62804,
41235,
42676,
71197,
81373,
44976,
63564,
16366,
3338,
48114,
99350,
2118,
69594,
47108,
35300,
71221,
36308,
12436,
14688,
9070,
91296,
86974,
16439,
54540,
46080,
96045,
74473,
72381,
84864,
22894,
97521,
10123,
20720,
72889,
67035,
56134,
10720,
72067,
36153,
89495,
86654,
16410,
34206,
49282,
73442,
78232,
18033,
47247,
1011,
34569,
44891,
86536,
60785,
9043,
40405,
66594,
7036,
24460,
14354,
17244,
36393,
91152,
28716,
46066,
71015,
77269,
86725,
89661,
42700,
1518,
240,
38851,
23548,
59191,
95423,
32427,
16142,
39109,
82216,
822,
96220,
41296,
32038,
14648,
6631,
11254,
85775,
13491,
8308,
59874,
74210,
23154,
70053,
9858,
19261,
93007,
48920,
65911,
91916,
19865,
98613,
79611,
98428,
77586,
60992,
14919,
38361,
76237,
43068,
92604,
29333,
89604,
82038,
39723,
2960,
80571,
36352,
19674,
13145,
50134,
36090,
77703,
57985,
79681,
2982,
84542,
46516,
6208,
85307,
6194,
26820,
21202,
16063,
47183,
98006,
56145,
9936,
75418,
19208,
23088,
95959,
68075,
49012,
1300,
27694,
86873,
50622,
64407,
14204,
38529,
47527,
32435,
24230,
64611,
57116,
29331,
47554,
78697,
74945,
49966,
16535,
30419,
64728,
94705,
3251,
78632,
65869,
29036,
54512,
91818,
74196,
17713,
944,
80239,
93796,
1943,
13358,
70975,
50142,
27788,
7123,
21652,
75640,
56527,
94913,
22387,
18500,
36989,
58691,
44504,
20860,
72410,
82664,
20499,
56163,
34175,
90937,
3352,
37082,
35229,
28557,
98471,
78617,
98367,
23177,
54366,
57880,
74552,
59777,
84931,
52137,
68259,
90607,
96616,
50635,
39152,
82789,
337,
28847,
12305,
32489,
92269,
46005,
33240,
49409,
83578,
33453,
89217,
70031,
37289,
31338,
19317,
52138,
65717,
44136,
17413,
59588,
21888,
81316,
70745,
53434,
96799,
94390,
26335,
43447,
70642,
70271,
32253,
26680,
48422,
62915,
90336,
38104,
35754,
46287,
39630,
18454,
26908,
55148,
44860,
29435,
23054,
82351,
11567,
30429,
11885,
66595,
88035,
57262,
96677,
22578,
95531,
49935,
9765,
65479,
77711,
4335,
29854,
30101,
34279,
75852,
46557,
73633,
52853,
64875,
15275,
65896,
9492,
50319,
51021,
97623,
36110,
8887,
547,
67860,
71648,
14544,
77797,
63424,
21557,
43931,
81371,
51225,
76438,
26122,
73465,
85040,
29446,
65997,
93187,
7883,
44994,
25919,
6998,
16067,
22487,
80077,
89063,
68389,
66951,
63742,
25876,
30886,
21741,
18842,
61489,
90104,
11850,
57638,
21439,
28193,
32742,
83671,
17523,
19712,
39099,
14456,
72732,
45163,
74974,
84482,
77075,
36669,
4106,
22039,
14234,
50486,
95955,
85012,
1748,
40250,
1599,
78568,
1882,
7747,
76939,
1056,
93085,
43099,
46548,
87454,
14738,
85490,
46750,
23692,
12267,
5614,
20329,
2742,
62080,
55744,
99724,
71741,
48039,
22532,
31346,
93034,
24377,
85981,
13283,
77923,
55888,
7519,
47190,
13209,
9300,
1604,
80000,
1850,
31746,
35393,
8309,
82938,
87169,
62099,
92144,
7700,
55384,
28265,
93079,
84552,
61266,
50899,
56929,
57431,
95768,
96639,
5052,
71170,
57792,
10483,
58157,
77099,
625,
29556,
79554,
13008,
37757,
62424,
82512,
39375,
20231,
17977,
40729,
22137,
42361,
10321,
77686,
89229,
67068,
65529,
75513,
8451,
11668,
28321,
19786,
7179,
60415,
30824,
75177,
90940,
698,
58252,
76154,
71124,
17279,
28888,
64302,
52800,
48139,
93346,
77141,
90833,
92742,
78703,
13333,
74344,
59380,
7850,
16492,
37472,
21577,
1379,
38549,
40980,
26181,
67854,
29612,
63933,
22497,
57525,
83607,
52339,
16288,
81403,
81076,
66853,
29336,
93082,
4002,
71089,
83024,
16673,
13038,
36119,
89992,
65456,
81763,
62923,
96679,
90347,
99885,
9601,
45168,
80532,
61854,
92226,
80136,
17916,
19578,
49411,
16653,
52850,
7349,
93893,
5634,
77037,
27369,
8303,
65497,
87459,
68244,
70521,
84398,
52502,
67773,
25340,
60731,
36290,
39314,
77494,
12011,
42140,
71044,
33711,
24451,
58906,
34109,
49605,
19339,
47267,
24054,
37877,
3463,
43882,
2504,
59071,
6874,
58791,
49864,
49029,
7039,
38640,
8548,
45102,
28640,
98641,
51799,
41426,
25147,
75760,
91946,
12994,
73274,
17766,
25199,
90731,
63206,
90499,
57440,
70582,
38223,
87100,
97532,
80274,
67815,
43057,
52891,
53184,
33365,
13757,
21349,
66933,
87952,
54886,
12116,
16727,
67801,
67038,
64756,
84846,
68661,
22566,
59607,
63012,
62059,
78158,
59989,
2501,
41660,
41216,
81985,
6911,
15927,
68143,
852,
77317,
85021,
58383,
50210,
93145,
83073,
77321,
61706,
10076,
79187,
4132,
2698,
27978,
28098,
46942,
92066,
2835,
49980,
12653,
15183,
8331,
85101,
38555,
95297,
42642,
73159,
12921,
73324,
60373,
38514,
17120,
33919,
49850,
67932,
32372,
93143,
89153,
7192,
95732,
88769,
71343,
15298,
5559,
10389,
17898,
67156,
30721,
66257,
4889,
602,
82941,
26559,
31920,
11760,
93420,
32142,
81992,
90022,
52958,
77823,
8280,
60667,
82119,
19465,
31969,
30780,
82705,
56952,
45742,
65947,
86194,
37964,
83211,
39893,
23220,
81282,
73327,
54871,
86316,
8913,
87711,
45216,
52507,
83084,
25350,
46928,
7952,
93305,
81179,
29265,
70067,
23645,
39623,
70753,
47945,
60718,
97902,
31866,
85675,
58156,
48172,
61855,
97146,
32719,
30396,
27672,
53921,
66969,
20292,
11267,
17899,
79044,
46819,
92634,
66206,
94363,
42422,
99284,
44015,
53763,
93532,
26510,
82303,
6664,
51451,
22738,
9695,
87233,
71906,
17949,
34521,
4943,
2025,
29742,
15875,
25890,
87213,
25674,
40377,
34837,
79245,
7797,
84761,
40361,
13788,
25040,
58205,
82940,
2585,
24531,
92930,
24287,
65513,
94454,
92846,
93661,
14394,
17163,
38008,
47443,
53688,
9880,
35762,
69075,
5548,
76785,
70542,
50484,
29150,
51719,
89140,
29746,
12934,
93570,
54257,
62077,
91067,
25760,
28030,
61140,
1335,
66919,
99132,
8834,
30535,
55089,
69629,
62737,
11890,
25078,
20396,
36696,
14932,
96424,
20344,
23847,
54372,
4181,
25499,
65726,
28967,
46422,
46579,
20941,
7030,
70068,
33060,
12605,
76961,
93612,
39904,
45497,
35584,
97640,
75547,
45904,
31226,
12836,
8274,
55479,
53768,
99532,
70381,
55045,
76269,
54001,
79361,
74064,
45662,
52975,
31547,
21015,
52710,
68303,
38848,
7190,
63074,
84386,
66,
86812,
2411,
62269,
51111,
44931,
13707,
64614,
72504,
53285,
3072,
74559,
18423,
25800,
6492,
95314,
93047,
22346,
5993,
68098,
58445,
45758,
34335,
63898,
2846,
48130,
36834,
48162,
63711,
31679,
88085,
55566,
96316,
969,
41635,
70475,
26220,
18785,
25934,
34718,
63076,
10691,
64539,
17801,
18396,
61487,
68186,
39856,
88570,
27301,
44648,
65225,
43425,
61322,
37565,
56783,
64772,
85610,
20864,
73244,
51276,
30393,
49161,
25722,
24025,
75074,
75614,
37594,
91549,
53437,
78800,
76507,
17393,
67967,
59307,
84203,
59586,
30139,
87783,
58339,
20654,
20693,
11327,
17271,
45039,
33495,
88920,
96841,
12439,
13004,
22096,
22153,
1813,
50463,
45525,
26033,
44295,
66246,
46646,
23472,
62148,
86478,
33342,
49878,
57237,
8234,
31994,
87512,
26407,
37676,
34432,
85872,
2819,
64212,
45854,
5754,
8128,
79152,
71167,
75757,
56374,
96749,
41636,
50438,
65188,
69182,
43763,
410,
94229,
3588,
61139,
408,
78255,
39281,
56744,
91556,
42774,
57932,
65564,
16124,
89287,
77438,
67281,
14362,
87484,
28350,
18997,
27619,
84624,
59391,
73797,
35463,
41006,
36293,
3061,
88609,
32996,
73722,
36815,
73680,
10399,
32950,
39533,
42729,
43467,
18279,
40571,
46689,
35159,
65571,
6248,
38946,
69465,
71444,
650,
94572,
22157,
53220,
2640,
87586,
57124,
34619,
73757,
32328,
30399,
86504,
36288,
6895,
98385,
81880,
11873,
15571,
29270,
23039,
20769,
76549,
69348,
8135,
68665,
85073,
68613,
77460,
66498,
74395,
2249,
60050,
13,
19600,
94853,
13495,
13210,
50817,
74093,
45827,
27357,
20058,
83401,
94905,
29364,
37478,
15856,
28311,
42990,
12536,
95343,
8575,
79205,
26250,
48935,
29541,
24600,
72922,
40099,
88313,
92876,
2172,
52852,
5549,
62547,
8312,
81628,
50526,
41166,
439,
78842,
97407,
38534,
85901,
45346,
48157,
88717,
84424,
2806,
35335,
25855,
25712,
53735,
45335,
15573,
77201,
57797,
56459,
43073,
44291,
81126,
78661,
5535,
69775,
31367,
93428,
51272,
73793,
6006,
92373,
75454,
52282,
16640,
2179,
53609,
72784,
55562,
51412,
12911,
73558,
38957,
55269,
36652,
90863,
49014,
34416,
14252,
69367,
83790,
1324,
84886,
51520,
14099,
91454,
47255,
77255,
72641,
79064,
1890,
38954,
58673,
59810,
80713,
14024,
22433,
1333,
40286,
30527,
89451,
21026,
81242,
90854,
32505,
23572,
15844,
49104,
94513,
9493,
48499,
17440,
21535,
77332,
88146,
25163,
62090,
34209,
10348,
75552,
8207,
31364,
55165,
31835,
91065,
32603,
60870,
948,
24340,
1097,
61202,
76513,
9291,
81190,
70185,
19951,
12594,
24136,
2857,
27568,
20896,
17805,
92306,
30685,
22158,
9358,
48083,
49487,
77349,
18695,
61790,
93648,
51062,
15303,
84930,
44685,
99365,
73158,
53333,
9316,
13544,
53128,
81055,
53120,
59985,
23198,
19294,
51553,
3990,
40550,
65671,
66490,
4965,
58932,
71972,
81609,
86891,
99683,
61814,
77660,
46683,
56200,
50044,
53436,
3517,
89841,
18809,
1885,
36187,
77837,
81206,
58866,
72601,
53686,
25055,
85508,
99204,
84870,
21732,
83417,
35717,
34801,
46462,
41297,
839,
43721,
11064,
19580,
10415,
87600,
26642,
78381,
26115,
58689,
87329,
51453,
47871,
84686,
49267,
727,
19360,
79988,
14870,
55580,
18363,
37978,
75977,
41121,
92112,
70249,
92250,
40210,
83161,
9949,
24495,
30887,
93361,
56641,
56229,
95932,
4314,
50043,
98845,
20486,
60823,
74929,
85847,
77053,
66886,
64709,
65973,
84618,
94990,
78431,
22861,
91264,
68782,
4088,
80542,
30934,
93656,
98370,
44551,
99813,
83325,
82962,
20673,
34741,
23152,
42581,
3329,
74349,
99805,
70758,
11948,
45386,
74987,
79843,
40931,
78635,
19281,
49416,
30262,
64413,
5566,
11063,
61913,
53256,
24684,
62808,
5339,
41224,
13727,
67771,
96605,
47493,
47679,
54021,
27395,
81764,
34187,
69701,
57994,
37661,
28263,
75183,
60561,
77364,
98589,
44306,
90632,
60700,
1543,
55582,
37127,
23605,
78886,
93895,
35811,
42148,
78452,
71833,
90028,
62687,
92063,
86353,
13475,
72556,
29646,
54918,
54120,
98107,
27627,
9654,
31836,
83148,
21549,
90728,
47102,
79104,
63779,
82750,
73716,
79366,
84015,
35316,
34583,
58916,
78808,
71348,
52508,
23608,
10282,
18734,
19637,
60560,
11901,
25075,
85027,
62369,
86595,
4678,
54824,
47488,
40988,
72585,
910,
5721,
19345,
76023,
52602,
70659,
53304,
67543,
98491,
33148,
2371,
84625,
78057,
8025,
37604,
10678,
56268,
74608,
55303,
99550,
80416,
65703,
3613,
79208,
99688,
33078,
91072,
71344,
15302,
97487,
38153,
14144,
10266,
18553,
9688,
42034,
7441,
37824,
9088,
65455,
39247,
22593,
12530,
33491,
4279,
77564,
91035,
50824,
79453,
73246,
494,
97341,
82468,
32689,
58637,
57460,
4816,
18335,
68989,
2670,
60794,
90453,
28412,
70548,
10736,
38507,
39103,
71625,
96091,
25038,
22592,
99743,
82318,
46044,
85008,
45654,
6855,
37303,
45973,
55215,
94439,
52656,
87850,
65614,
97506,
58346,
22034,
16559,
18942,
22452,
64556,
29601,
98154,
83655,
68987,
66080,
48734,
48982,
68458,
77685,
95139,
75894,
75315,
71137,
32354,
1910,
84059,
87066,
88658,
5012,
42544,
33896,
11633,
39814,
9342,
18804,
55078,
95268,
81987,
55894,
9020,
56330,
25705,
40370,
86379,
64448,
36231,
24212,
37705,
26671,
5906,
94481,
99087,
26163,
72550,
55787,
62220,
97193,
34261,
56720,
30707,
52987,
75344,
11818,
59528,
72523,
70025,
67134,
1028,
16874,
88314,
32070,
91951,
4443,
59730,
38275,
18943,
80046,
12474,
20452,
43779,
71146,
93806,
29396,
13191,
632,
41903,
93480,
59976,
11303,
99060,
67933,
70622,
76394,
85431,
35058,
21431,
35424,
78480,
76771,
30334,
16291,
13770,
25814,
28153,
50676,
21057,
64043,
47939,
25182,
31813,
4667,
18598,
88026,
95202,
29236,
41837,
88739,
53213,
53967,
92456,
69193,
38898,
778,
69703,
4552,
49154,
97117,
5096,
11234,
84478,
85685,
43651,
52621,
19324,
3011,
36532,
58526,
74459,
35760,
53489,
81333,
66384,
91093,
86649,
60130,
37794,
96948,
21127,
692,
47425,
92943,
29122,
2690,
77481,
31422,
70618,
29426,
94995,
52671,
94914,
1350,
21089,
51243,
29800,
92020,
1643,
72575,
63237,
72517,
36070,
37168,
6329,
10315,
74532,
80780,
67464,
99844,
17119,
50979,
64804,
45100,
75711,
22217,
63262,
13385,
56587,
19450,
21695,
17123,
7054,
86213,
62792,
55055,
69417,
31448,
6051,
45838,
1371,
53492,
74588,
24153,
43745,
20075,
55588,
23714,
68893,
94686,
38856,
46591,
11422,
46505,
96543,
90189,
47580,
78109,
200,
87221,
6205,
67344,
97998,
43556,
63267,
28732,
16536,
47876,
899,
74319,
47237,
34728,
44564,
74365,
92473,
51705,
91186,
75233,
13066,
40947,
72594,
73782,
6444,
25947,
57335,
5816,
44766,
85584,
57216,
35013,
86623,
55110,
29247,
49640,
52641,
79661,
90902,
8867,
99586,
849,
3712,
9251,
99615,
95609,
72863,
81029,
82580,
68767,
47513,
80830,
86885,
65506,
77261,
69422,
96646,
69811,
34246,
14253,
56894,
42895,
79548,
8193,
87657,
44131,
81821,
2777,
41371,
53787,
74398,
10955,
35583,
25882,
47634,
64085,
36764,
25875,
72595,
6735,
98321,
35951,
78799,
65708,
84989,
51439,
23905,
45960,
50691,
77523,
63971,
15080,
87168,
89859,
52472,
70813,
76205,
13698,
28088,
4302,
97811,
61374,
43431,
12534,
22326,
11909,
28117,
74572,
1071,
61575,
21566,
89615,
21999,
55296,
49806,
28907,
22005,
65725,
94722,
60257,
93602,
51171,
47894,
84715,
22695,
42193,
86327,
60053,
59457,
7133,
96432,
93780,
61240,
28818,
80570,
68708,
74200,
60847,
38499,
28050,
98756,
89856,
26918,
41442,
74640,
54188,
6588,
30661,
58418,
3872,
96323,
69825,
95227,
76618,
31593,
1660,
10916,
42494,
17001,
65826,
25515,
16596,
7284,
63149,
99251,
17775,
20433,
20687,
57095,
74264,
90201,
69932,
96148,
87878,
18604,
58406,
42466,
53210,
77122,
76019,
29599,
92887,
58349,
72701,
83935,
15478,
35620,
37137,
49365,
4272,
92653,
31938,
89019,
14510,
49593,
74285,
56261,
33434,
31278,
75406,
14022,
95210,
61630,
40404,
65834,
9956,
74389,
72637,
12438,
91257,
46948,
77336,
83704,
52985,
54950,
45410,
5314,
55748,
84849,
61176,
60514,
23573,
13369,
31685,
52714,
59712,
32570,
64058,
4486,
54200,
27100,
42962,
42318,
36944,
86563,
67878,
55039,
53503,
31609,
25785,
78186,
42574,
13030,
28352,
21533,
97397,
52390,
23309,
44524,
37504,
11182,
39382,
57305,
34534,
91491,
58002,
63360,
38781,
93412,
76827,
56411,
31452,
61453,
2003,
24674,
16069,
35167,
53535,
70562,
49192,
28683,
62913,
26724,
77044,
89144,
6999,
62043,
11864,
34532,
47143,
61750,
33054,
23363,
42611,
62025,
4331,
46498,
53799,
65379,
53091,
81493,
86208,
97683,
96459,
48349,
30457,
2611,
39458,
86461,
39449,
73907,
7862,
89421,
89956,
20083,
76377,
50277,
46812,
56758,
65281,
81120,
33519,
16868,
2629,
11013,
60648,
2964,
4740,
10798,
93804,
21526,
46485,
12026,
33173,
10994,
14265,
38942,
53708,
74764,
55021,
24410,
47633,
15173,
20721,
76258,
96413,
16649,
57291,
24660,
19986,
24384,
37076,
18111,
74644,
79908,
34498,
52674,
19100,
37392,
9344,
18911,
89243,
27115,
29395,
95520,
30760,
89192,
99544,
59844,
8701,
71424,
69651,
5791,
58422,
21706,
66654,
88844,
5410,
16960,
1235,
73342,
84036,
27212,
64361,
43638,
14337,
90280,
86558,
1789,
69365,
24439,
94752,
3861,
23203,
74050,
45256,
62057,
63587,
87113,
21191,
57118,
63545,
72167,
17936,
64731,
36042,
37176,
65098,
94812,
82375,
13429,
65772,
77533,
49642,
36976,
81162,
64850,
6502,
49508,
38596,
71547,
61809,
29381,
96598,
55476,
60261,
45943,
63248,
87656,
78307,
94375,
9581,
47678,
59701,
53124,
18630,
33437,
92071,
99018,
61857,
69329,
95887,
1399,
64006,
56476,
58381,
13309,
44972,
61829,
45728,
72141,
65194,
8524,
57623,
37510,
35767,
1406,
66062,
86065,
28612,
95320,
56708,
88105,
50955,
64515,
56804,
65246,
65144,
89890,
88799,
68522,
10731,
12061,
79310,
16176,
41527,
51596,
21134,
19615,
74652,
75109,
63953,
93922,
56637,
83270,
27280,
67749,
97157,
31114,
4506,
9473,
20680,
26985,
82251,
74673,
11562,
93396,
58257,
18086,
24093,
36718,
22825,
29533,
81781,
18166,
50149,
53156,
86539,
44161,
90588,
54707,
7250,
73889,
53268,
63592,
10054,
19381,
15490,
68019,
98909,
12556,
80865,
92773,
88192,
61107,
32337,
12008,
51532,
49050,
34204,
15039,
81679,
35089,
95176,
23712,
1181,
74669,
11484,
92668,
23574,
37131,
77780,
12987,
12641,
86486,
74772,
51152,
30032,
34210,
97609,
50123,
62852,
64262,
50772,
79380,
10333,
84934,
16890,
91092,
60074,
60965,
53531,
69970,
14621,
34698,
82845,
33638,
84056,
3593,
55715,
442,
8056,
82411,
42746,
59877,
98946,
90767,
73634,
8780,
